Year,Quarter,Month,Pathogen,Serotype/Species/Subgroup,Number of isolates,Past two years average,% Change
2023,1,1,Campylobacter,C. Jejuni/Coli,0,0,0
2024,1,1,Campylobacter,C. Jejuni/Coli,0,0,0
2023,1,2,Campylobacter,C. Jejuni/Coli,0,0,0
2024,1,2,Campylobacter,C. Jejuni/Coli,0,0,0
2023,1,3,Campylobacter,C. Jejuni/Coli,0,0,0
2024,1,3,Campylobacter,C. Jejuni/Coli,0,0,0
2023,2,4,Campylobacter,C. Jejuni/Coli,0,0,0
2024,2,4,Campylobacter,C. Jejuni/Coli,0,0,0
2023,2,5,Campylobacter,C. Jejuni/Coli,0,0,0
2024,2,5,Campylobacter,C. Jejuni/Coli,0,0,0
2023,2,6,Campylobacter,C. Jejuni/Coli,1,0,
2024,2,6,Campylobacter,C. Jejuni/Coli,0,0.5,0
2023,3,7,Campylobacter,C. Jejuni/Coli,0,0,0
2023,3,8,Campylobacter,C. Jejuni/Coli,0,0,0
2023,3,9,Campylobacter,C. Jejuni/Coli,0,0,0
2023,4,10,Campylobacter,C. Jejuni/Coli,0,0,0
2023,4,11,Campylobacter,C. Jejuni/Coli,0,0,0
2023,4,12,Campylobacter,C. Jejuni/Coli,0,0,0
2023,1,1,Campylobacter,coli,26,12.5,108
2024,1,1,Campylobacter,coli,23,17.5,31.4
2023,1,2,Campylobacter,coli,25,9.5,163.2
2024,1,2,Campylobacter,coli,20,20,0
2023,1,3,Campylobacter,coli,21,17,23.5
2024,1,3,Campylobacter,coli,20,19.5,2.6
2023,2,4,Campylobacter,coli,22,20,10
2024,2,4,Campylobacter,coli,23,21.5,7
2023,2,5,Campylobacter,coli,37,22,68.2
2024,2,5,Campylobacter,coli,23,33,-30.3
2023,2,6,Campylobacter,coli,34,28,21.4
2024,2,6,Campylobacter,coli,8,29.5,-72.9
2023,3,7,Campylobacter,coli,36,20,80
2023,3,8,Campylobacter,coli,27,27,0
2023,3,9,Campylobacter,coli,20,19,5.3
2023,4,10,Campylobacter,coli,18,16,12.5
2023,4,11,Campylobacter,coli,19,14.5,31
2023,4,12,Campylobacter,coli,15,15,0
2023,1,1,Campylobacter,fetus,1,0,
2024,1,1,Campylobacter,fetus,1,0.5,100
2023,1,2,Campylobacter,fetus,2,0,
2024,1,2,Campylobacter,fetus,1,1,0
2023,1,3,Campylobacter,fetus,1,1.5,-33.3
2024,1,3,Campylobacter,fetus,0,2,0
2023,2,4,Campylobacter,fetus,0,0,0
2024,2,4,Campylobacter,fetus,1,0,0
2023,2,5,Campylobacter,fetus,1,0,
2024,2,5,Campylobacter,fetus,1,0.5,100
2023,2,6,Campylobacter,fetus,2,0,
2024,2,6,Campylobacter,fetus,1,1,0
2023,3,7,Campylobacter,fetus,0,1,0
2023,3,8,Campylobacter,fetus,1,0.5,100
2023,3,9,Campylobacter,fetus,2,0.5,300
2023,4,10,Campylobacter,fetus,1,0,0
2023,4,11,Campylobacter,fetus,0,0.5,0
2023,4,12,Campylobacter,fetus,1,0,0
2023,1,1,Campylobacter,jejuni,219,138,58.7
2024,1,1,Campylobacter,jejuni,199,173.5,14.7
2023,1,2,Campylobacter,jejuni,190,128,48.4
2024,1,2,Campylobacter,jejuni,217,156.5,38.7
2023,1,3,Campylobacter,jejuni,227,158,43.7
2024,1,3,Campylobacter,jejuni,220,207.5,6
2023,2,4,Campylobacter,jejuni,245,188.5,30
2024,2,4,Campylobacter,jejuni,226,222.5,1.6
2023,2,5,Campylobacter,jejuni,307,225,36.4
2024,2,5,Campylobacter,jejuni,314,281.5,11.5
2023,2,6,Campylobacter,jejuni,435,365.5,19
2024,2,6,Campylobacter,jejuni,239,392,-39
2023,3,7,Campylobacter,jejuni,497,402,23.6
2023,3,8,Campylobacter,jejuni,519,372.5,39.3
2023,3,9,Campylobacter,jejuni,409,284.5,43.8
2023,4,10,Campylobacter,jejuni,349,278.5,25.3
2023,4,11,Campylobacter,jejuni,299,184.5,62.1
2023,4,12,Campylobacter,jejuni,196,161.5,21.4
2023,1,1,Campylobacter,lari,2,0.5,300
2024,1,1,Campylobacter,lari,0,1.5,0
2023,1,2,Campylobacter,lari,1,1,0
2024,1,2,Campylobacter,lari,2,1,100
2023,1,3,Campylobacter,lari,0,1,0
2024,1,3,Campylobacter,lari,1,0,0
2023,2,4,Campylobacter,lari,0,0.5,0
2024,2,4,Campylobacter,lari,1,0,0
2023,2,5,Campylobacter,lari,2,0,
2024,2,5,Campylobacter,lari,0,1,0
2023,2,6,Campylobacter,lari,1,0,
2024,2,6,Campylobacter,lari,0,0.5,0
2023,3,7,Campylobacter,lari,0,1.5,0
2023,3,8,Campylobacter,lari,1,1,0
2023,3,9,Campylobacter,lari,0,0,0
2023,4,10,Campylobacter,lari,0,1,0
2023,4,11,Campylobacter,lari,1,0.5,100
2023,4,12,Campylobacter,lari,1,2.5,-60
2023,1,1,Campylobacter,upsaliensis,8,3.5,128.6
2024,1,1,Campylobacter,upsaliensis,11,5,120
2023,1,2,Campylobacter,upsaliensis,3,5.5,-45.5
2024,1,2,Campylobacter,upsaliensis,11,4.5,144.4
2023,1,3,Campylobacter,upsaliensis,3,5,-40
2024,1,3,Campylobacter,upsaliensis,7,5.5,27.3
2023,2,4,Campylobacter,upsaliensis,7,2.5,180
2024,2,4,Campylobacter,upsaliensis,10,5.5,81.8
2023,2,5,Campylobacter,upsaliensis,8,3.5,128.6
2024,2,5,Campylobacter,upsaliensis,9,6,50
2023,2,6,Campylobacter,upsaliensis,8,3,166.7
2024,2,6,Campylobacter,upsaliensis,0,4.5,0
2023,3,7,Campylobacter,upsaliensis,8,3.5,128.6
2023,3,8,Campylobacter,upsaliensis,8,7.5,6.7
2023,3,9,Campylobacter,upsaliensis,13,4,225
2023,4,10,Campylobacter,upsaliensis,8,4.5,77.8
2023,4,11,Campylobacter,upsaliensis,13,3,333.3
2023,4,12,Campylobacter,upsaliensis,1,3,-66.7
2023,1,1,STEC,:H11,1,4.5,-77.8
2024,1,1,STEC,:H11,0,2,0
2023,1,2,STEC,:H11,1,5.5,-81.8
2024,1,2,STEC,:H11,0,3.5,0
2023,1,3,STEC,:H11,3,6,-50
2024,1,3,STEC,:H11,0,5.5,0
2023,2,4,STEC,:H11,6,7,-14.3
2024,2,4,STEC,:H11,1,5,-80
2023,2,5,STEC,:H11,7,3.5,100
2024,2,5,STEC,:H11,1,6.5,-84.6
2023,2,6,STEC,:H11,0,7,0
2024,2,6,STEC,:H11,0,0,0
2023,3,7,STEC,:H11,4,14.5,-72.4
2023,3,8,STEC,:H11,2,9,-77.8
2023,3,9,STEC,:H11,4,3.5,14.3
2023,4,10,STEC,:H11,1,3.5,-71.4
2023,4,11,STEC,:H11,3,4.5,-33.3
2023,4,12,STEC,:H11,0,4,0
2023,1,1,STEC,:H19,1,1.5,-33.3
2024,1,1,STEC,:H19,0,1.5,0
2023,1,2,STEC,:H19,0,1,0
2024,1,2,STEC,:H19,0,0,0
2023,1,3,STEC,:H19,1,1.5,-33.3
2024,1,3,STEC,:H19,2,1.5,33.3
2023,2,4,STEC,:H19,2,1,100
2024,2,4,STEC,:H19,2,1.5,33.3
2023,2,5,STEC,:H19,1,1,0
2024,2,5,STEC,:H19,0,1.5,0
2023,2,6,STEC,:H19,4,2,100
2024,2,6,STEC,:H19,2,3.5,-42.9
2023,3,7,STEC,:H19,1,1,0
2023,3,8,STEC,:H19,3,1.5,100
2023,3,9,STEC,:H19,2,0,
2023,4,10,STEC,:H19,1,2.5,-60
2023,4,11,STEC,:H19,1,2.5,-60
2023,4,12,STEC,:H19,3,2,50
2023,1,1,STEC,:H2,1,9,-88.9
2024,1,1,STEC,:H2,1,5,-80
2023,1,2,STEC,:H2,2,9.5,-78.9
2024,1,2,STEC,:H2,0,6,0
2023,1,3,STEC,:H2,2,6.5,-69.2
2024,1,3,STEC,:H2,1,4,-75
2023,2,4,STEC,:H2,2,7,-71.4
2024,2,4,STEC,:H2,2,5,-60
2023,2,5,STEC,:H2,3,8,-62.5
2024,2,5,STEC,:H2,3,6,-50
2023,2,6,STEC,:H2,4,12,-66.7
2024,2,6,STEC,:H2,4,6.5,-38.5
2023,3,7,STEC,:H2,6,19,-68.4
2023,3,8,STEC,:H2,6,8.5,-29.4
2023,3,9,STEC,:H2,1,4,-75
2023,4,10,STEC,:H2,2,2.5,-20
2023,4,11,STEC,:H2,3,5,-40
2023,4,12,STEC,:H2,0,6,0
2023,1,1,STEC,:H21,1,0.5,100
2024,1,1,STEC,:H21,1,1,0
2023,1,2,STEC,:H21,1,0.5,100
2024,1,2,STEC,:H21,1,0.5,100
2023,1,3,STEC,:H21,1,1,0
2024,1,3,STEC,:H21,2,1.5,33.3
2023,2,4,STEC,:H21,1,1.5,-33.3
2024,2,4,STEC,:H21,6,0.5,1100
2023,2,5,STEC,:H21,3,2.5,20
2024,2,5,STEC,:H21,2,3,-33.3
2023,2,6,STEC,:H21,3,1.5,100
2024,2,6,STEC,:H21,0,1.5,0
2023,3,7,STEC,:H21,1,4.5,-77.8
2023,3,8,STEC,:H21,2,3,-33.3
2023,3,9,STEC,:H21,3,1.5,100
2023,4,10,STEC,:H21,3,2,50
2023,4,11,STEC,:H21,1,1.5,-33.3
2023,4,12,STEC,:H21,0,1,0
2023,1,1,STEC,:H27,0,0,0
2024,1,1,STEC,:H27,0,0,0
2023,1,2,STEC,:H27,0,0,0
2024,1,2,STEC,:H27,0,0,0
2023,1,3,STEC,:H27,0,0,0
2024,1,3,STEC,:H27,0,0,0
2023,2,4,STEC,:H27,0,0,0
2024,2,4,STEC,:H27,0,0,0
2023,2,5,STEC,:H27,0,0,0
2024,2,5,STEC,:H27,0,0,0
2023,2,6,STEC,:H27,1,0,
2024,2,6,STEC,:H27,0,0.5,0
2023,3,7,STEC,:H27,0,0,0
2023,3,8,STEC,:H27,0,0,0
2023,3,9,STEC,:H27,0,0,0
2023,4,10,STEC,:H27,0,0,0
2023,4,11,STEC,:H27,0,0,0
2023,4,12,STEC,:H27,0,0,0
2023,1,1,STEC,:H29,0,0,0
2024,1,1,STEC,:H29,0,0,0
2023,1,2,STEC,:H29,0,0,0
2024,1,2,STEC,:H29,0,0,0
2023,1,3,STEC,:H29,1,0,
2024,1,3,STEC,:H29,0,0.5,0
2023,2,4,STEC,:H29,0,0,0
2024,2,4,STEC,:H29,1,0,0
2023,2,5,STEC,:H29,0,0,0
2024,2,5,STEC,:H29,1,0,0
2023,2,6,STEC,:H29,2,0,
2024,2,6,STEC,:H29,1,1,0
2023,3,7,STEC,:H29,1,1,0
2023,3,8,STEC,:H29,0,0,0
2023,3,9,STEC,:H29,1,0.5,100
2023,4,10,STEC,:H29,0,0,0
2023,4,11,STEC,:H29,0,0,0
2023,4,12,STEC,:H29,0,0.5,0
2023,1,1,STEC,:H4,2,1,100
2024,1,1,STEC,:H4,2,1.5,33.3
2023,1,2,STEC,:H4,1,1,0
2024,1,2,STEC,:H4,3,1.5,100
2023,1,3,STEC,:H4,1,0.5,100
2024,1,3,STEC,:H4,1,0.5,100
2023,2,4,STEC,:H4,1,1,0
2024,2,4,STEC,:H4,4,0.5,700
2023,2,5,STEC,:H4,5,0.5,900
2024,2,5,STEC,:H4,1,2.5,-60
2023,2,6,STEC,:H4,0,0,0
2024,2,6,STEC,:H4,0,0,0
2023,3,7,STEC,:H4,2,1,100
2023,3,8,STEC,:H4,2,0,
2023,3,9,STEC,:H4,2,1.5,33.3
2023,4,10,STEC,:H4,0,1.5,0
2023,4,11,STEC,:H4,0,2,0
2023,4,12,STEC,:H4,7,0,
2023,1,1,STEC,:H45,1,0,
2024,1,1,STEC,:H45,0,0.5,0
2023,1,2,STEC,:H45,0,0,0
2024,1,2,STEC,:H45,0,0,0
2023,1,3,STEC,:H45,1,0,
2024,1,3,STEC,:H45,0,0.5,0
2023,2,4,STEC,:H45,0,0,0
2024,2,4,STEC,:H45,1,0,0
2023,2,5,STEC,:H45,2,0,
2024,2,5,STEC,:H45,3,1,200
2023,2,6,STEC,:H45,1,1,0
2024,2,6,STEC,:H45,1,1.5,-33.3
2023,3,7,STEC,:H45,1,2.5,-60
2023,3,8,STEC,:H45,0,1,0
2023,3,9,STEC,:H45,1,0.5,100
2023,4,10,STEC,:H45,1,1.5,-33.3
2023,4,11,STEC,:H45,0,1.5,0
2023,4,12,STEC,:H45,0,1,0
2023,1,1,STEC,:H8,1,4.5,-77.8
2024,1,1,STEC,:H8,1,2.5,-60
2023,1,2,STEC,:H8,1,4.5,-77.8
2024,1,2,STEC,:H8,0,3,0
2023,1,3,STEC,:H8,0,3,0
2024,1,3,STEC,:H8,1,0,0
2023,2,4,STEC,:H8,1,9.5,-89.5
2024,2,4,STEC,:H8,1,5.5,-81.8
2023,2,5,STEC,:H8,2,3.5,-42.9
2024,2,5,STEC,:H8,1,3.5,-71.4
2023,2,6,STEC,:H8,0,7.5,0
2024,2,6,STEC,:H8,1,0,0
2023,3,7,STEC,:H8,7,8.5,-17.6
2023,3,8,STEC,:H8,2,4,-50
2023,3,9,STEC,:H8,1,7.5,-86.7
2023,4,10,STEC,:H8,0,3,0
2023,4,11,STEC,:H8,1,2,-50
2023,4,12,STEC,:H8,1,4,-75
2023,1,1,STEC,O103:H11,1,1.5,-33.3
2024,1,1,STEC,O103:H11,0,1.5,0
2023,1,2,STEC,O103:H11,1,1.5,-33.3
2024,1,2,STEC,O103:H11,4,1.5,166.7
2023,1,3,STEC,O103:H11,5,0,
2024,1,3,STEC,O103:H11,3,2.5,20
2023,2,4,STEC,O103:H11,7,6,16.7
2024,2,4,STEC,O103:H11,5,7,-28.6
2023,2,5,STEC,O103:H11,4,4.5,-11.1
2024,2,5,STEC,O103:H11,3,3,0
2023,2,6,STEC,O103:H11,11,8,37.5
2024,2,6,STEC,O103:H11,2,10.5,-81
2023,3,7,STEC,O103:H11,11,5.5,100
2023,3,8,STEC,O103:H11,12,6,100
2023,3,9,STEC,O103:H11,3,4,-25
2023,4,10,STEC,O103:H11,1,2.5,-60
2023,4,11,STEC,O103:H11,2,2,0
2023,4,12,STEC,O103:H11,2,1.5,33.3
2023,1,1,STEC,O103:H2,69,33.5,106
2024,1,1,STEC,O103:H2,58,56,3.6
2023,1,2,STEC,O103:H2,58,29,100
2024,1,2,STEC,O103:H2,55,47,17
2023,1,3,STEC,O103:H2,71,45.5,56
2024,1,3,STEC,O103:H2,74,62.5,18.4
2023,2,4,STEC,O103:H2,76,69.5,9.4
2024,2,4,STEC,O103:H2,75,71.5,4.9
2023,2,5,STEC,O103:H2,90,73.5,22.4
2024,2,5,STEC,O103:H2,98,85,15.3
2023,2,6,STEC,O103:H2,111,111.5,-0.4
2024,2,6,STEC,O103:H2,66,114,-42.1
2023,3,7,STEC,O103:H2,143,127.5,12.2
2023,3,8,STEC,O103:H2,131,110.5,18.6
2023,3,9,STEC,O103:H2,87,83,4.8
2023,4,10,STEC,O103:H2,97,65,49.2
2023,4,11,STEC,O103:H2,50,59,-15.3
2023,4,12,STEC,O103:H2,56,45,24.4
2023,1,1,STEC,O103:H25,0,0.5,0
2024,1,1,STEC,O103:H25,2,0,0
2023,1,2,STEC,O103:H25,0,0,0
2024,1,2,STEC,O103:H25,2,0,0
2023,1,3,STEC,O103:H25,1,3.5,-71.4
2024,1,3,STEC,O103:H25,0,2.5,0
2023,2,4,STEC,O103:H25,0,3,0
2024,2,4,STEC,O103:H25,4,0,0
2023,2,5,STEC,O103:H25,1,2.5,-60
2024,2,5,STEC,O103:H25,3,2,50
2023,2,6,STEC,O103:H25,4,2,100
2024,2,6,STEC,O103:H25,1,2.5,-60
2023,3,7,STEC,O103:H25,7,2.5,180
2023,3,8,STEC,O103:H25,2,4.5,-55.6
2023,3,9,STEC,O103:H25,1,2.5,-60
2023,4,10,STEC,O103:H25,6,0,
2023,4,11,STEC,O103:H25,1,0.5,100
2023,4,12,STEC,O103:H25,1,0.5,100
2023,1,1,STEC,O106/O17/O77:H45,10,3,233.3
2024,1,1,STEC,O106/O17/O77:H45,3,7,-57.1
2023,1,2,STEC,O106/O17/O77:H45,8,0.5,1500
2024,1,2,STEC,O106/O17/O77:H45,4,4.5,-11.1
2023,1,3,STEC,O106/O17/O77:H45,6,3,100
2024,1,3,STEC,O106/O17/O77:H45,7,4.5,55.6
2023,2,4,STEC,O106/O17/O77:H45,2,3,-33.3
2024,2,4,STEC,O106/O17/O77:H45,4,2,100
2023,2,5,STEC,O106/O17/O77:H45,5,1.5,233.3
2024,2,5,STEC,O106/O17/O77:H45,4,3.5,14.3
2023,2,6,STEC,O106/O17/O77:H45,2,3.5,-42.9
2024,2,6,STEC,O106/O17/O77:H45,4,2.5,60
2023,3,7,STEC,O106/O17/O77:H45,1,2,-50
2023,3,8,STEC,O106/O17/O77:H45,5,6.5,-23.1
2023,3,9,STEC,O106/O17/O77:H45,5,4,25
2023,4,10,STEC,O106/O17/O77:H45,9,4,125
2023,4,11,STEC,O106/O17/O77:H45,6,7,-14.3
2023,4,12,STEC,O106/O17/O77:H45,6,5,20
2023,1,1,STEC,O111:H8,46,20,130
2024,1,1,STEC,O111:H8,33,35,-5.7
2023,1,2,STEC,O111:H8,29,19,52.6
2024,1,2,STEC,O111:H8,34,27,25.9
2023,1,3,STEC,O111:H8,53,33.5,58.2
2024,1,3,STEC,O111:H8,34,46,-26.1
2023,2,4,STEC,O111:H8,65,45,44.4
2024,2,4,STEC,O111:H8,50,58.5,-14.5
2023,2,5,STEC,O111:H8,62,50,24
2024,2,5,STEC,O111:H8,47,57,-17.5
2023,2,6,STEC,O111:H8,74,65.5,13
2024,2,6,STEC,O111:H8,36,68,-47.1
2023,3,7,STEC,O111:H8,130,120.5,7.9
2023,3,8,STEC,O111:H8,95,90.5,5
2023,3,9,STEC,O111:H8,68,66,3
2023,4,10,STEC,O111:H8,60,63,-4.8
2023,4,11,STEC,O111:H8,37,34.5,7.2
2023,4,12,STEC,O111:H8,33,29,13.8
2023,1,1,STEC,O113:H4,1,0.5,100
2024,1,1,STEC,O113:H4,0,1,0
2023,1,2,STEC,O113:H4,1,0,
2024,1,2,STEC,O113:H4,1,0.5,100
2023,1,3,STEC,O113:H4,1,0,
2024,1,3,STEC,O113:H4,0,0.5,0
2023,2,4,STEC,O113:H4,1,0.5,100
2024,2,4,STEC,O113:H4,0,1,0
2023,2,5,STEC,O113:H4,1,0.5,100
2024,2,5,STEC,O113:H4,1,0.5,100
2023,2,6,STEC,O113:H4,0,0.5,0
2024,2,6,STEC,O113:H4,0,0,0
2023,3,7,STEC,O113:H4,0,0,0
2023,3,8,STEC,O113:H4,0,0,0
2023,3,9,STEC,O113:H4,1,0,
2023,4,10,STEC,O113:H4,3,0.5,500
2023,4,11,STEC,O113:H4,1,0.5,100
2023,4,12,STEC,O113:H4,1,0,
2023,1,1,STEC,O116:H8,0,0,0
2024,1,1,STEC,O116:H8,0,0,0
2023,1,2,STEC,O116:H8,0,0,0
2024,1,2,STEC,O116:H8,0,0,0
2023,1,3,STEC,O116:H8,0,0,0
2024,1,3,STEC,O116:H8,0,0,0
2023,2,4,STEC,O116:H8,0,0,0
2024,2,4,STEC,O116:H8,0,0,0
2023,2,5,STEC,O116:H8,0,0,0
2024,2,5,STEC,O116:H8,0,0,0
2023,2,6,STEC,O116:H8,0,0,0
2024,2,6,STEC,O116:H8,0,0,0
2023,3,7,STEC,O116:H8,0,0,0
2023,3,8,STEC,O116:H8,0,0,0
2023,3,9,STEC,O116:H8,0,0,0
2023,4,10,STEC,O116:H8,0,0,0
2023,4,11,STEC,O116:H8,0,0,0
2023,4,12,STEC,O116:H8,0,0,0
2023,1,1,STEC,O117:H7,2,2.5,-20
2024,1,1,STEC,O117:H7,5,2.5,100
2023,1,2,STEC,O117:H7,1,4.5,-77.8
2024,1,2,STEC,O117:H7,6,4.5,33.3
2023,1,3,STEC,O117:H7,1,3,-66.7
2024,1,3,STEC,O117:H7,3,3.5,-14.3
2023,2,4,STEC,O117:H7,1,2.5,-60
2024,2,4,STEC,O117:H7,2,2.5,-20
2023,2,5,STEC,O117:H7,3,1.5,100
2024,2,5,STEC,O117:H7,3,2.5,20
2023,2,6,STEC,O117:H7,2,5,-60
2024,2,6,STEC,O117:H7,1,4,-75
2023,3,7,STEC,O117:H7,5,0.5,900
2023,3,8,STEC,O117:H7,2,3.5,-42.9
2023,3,9,STEC,O117:H7,3,1,200
2023,4,10,STEC,O117:H7,5,3.5,42.9
2023,4,11,STEC,O117:H7,6,4,50
2023,4,12,STEC,O117:H7,7,3,133.3
2023,1,1,STEC,O117:H8,0,1.5,0
2024,1,1,STEC,O117:H8,1,0,0
2023,1,2,STEC,O117:H8,1,0.5,100
2024,1,2,STEC,O117:H8,3,0.5,500
2023,1,3,STEC,O117:H8,0,0,0
2024,1,3,STEC,O117:H8,3,0,0
2023,2,4,STEC,O117:H8,1,1,0
2024,2,4,STEC,O117:H8,0,1,0
2023,2,5,STEC,O117:H8,0,1.5,0
2024,2,5,STEC,O117:H8,1,0,0
2023,2,6,STEC,O117:H8,2,1,100
2024,2,6,STEC,O117:H8,1,1.5,-33.3
2023,3,7,STEC,O117:H8,2,2,0
2023,3,8,STEC,O117:H8,1,0.5,100
2023,3,9,STEC,O117:H8,0,1,0
2023,4,10,STEC,O117:H8,0,1,0
2023,4,11,STEC,O117:H8,0,0.5,0
2023,4,12,STEC,O117:H8,2,1,100
2023,1,1,STEC,O118/O151:H16,13,4,225
2024,1,1,STEC,O118/O151:H16,4,7,-42.9
2023,1,2,STEC,O118/O151:H16,10,1.5,566.7
2024,1,2,STEC,O118/O151:H16,6,6.5,-7.7
2023,1,3,STEC,O118/O151:H16,7,8.5,-17.6
2024,1,3,STEC,O118/O151:H16,6,10,-40
2023,2,4,STEC,O118/O151:H16,7,11,-36.4
2024,2,4,STEC,O118/O151:H16,9,9,0
2023,2,5,STEC,O118/O151:H16,10,6,66.7
2024,2,5,STEC,O118/O151:H16,8,6,33.3
2023,2,6,STEC,O118/O151:H16,12,16,-25
2024,2,6,STEC,O118/O151:H16,3,10.5,-71.4
2023,3,7,STEC,O118/O151:H16,11,12,-8.3
2023,3,8,STEC,O118/O151:H16,4,8,-50
2023,3,9,STEC,O118/O151:H16,7,6.5,7.7
2023,4,10,STEC,O118/O151:H16,5,6,-16.7
2023,4,11,STEC,O118/O151:H16,4,4,0
2023,4,12,STEC,O118/O151:H16,3,5,-40
2023,1,1,STEC,O118/O151:H2,21,12.5,68
2024,1,1,STEC,O118/O151:H2,33,17.5,88.6
2023,1,2,STEC,O118/O151:H2,24,11.5,108.7
2024,1,2,STEC,O118/O151:H2,47,21,123.8
2023,1,3,STEC,O118/O151:H2,34,17,100
2024,1,3,STEC,O118/O151:H2,34,26,30.8
2023,2,4,STEC,O118/O151:H2,28,22,27.3
2024,2,4,STEC,O118/O151:H2,33,30,10
2023,2,5,STEC,O118/O151:H2,20,25.5,-21.6
2024,2,5,STEC,O118/O151:H2,38,25.5,49
2023,2,6,STEC,O118/O151:H2,50,30,66.7
2024,2,6,STEC,O118/O151:H2,11,45.5,-75.8
2023,3,7,STEC,O118/O151:H2,46,25,84
2023,3,8,STEC,O118/O151:H2,46,21.5,114
2023,3,9,STEC,O118/O151:H2,27,19,42.1
2023,4,10,STEC,O118/O151:H2,21,15,40
2023,4,11,STEC,O118/O151:H2,23,15,53.3
2023,4,12,STEC,O118/O151:H2,30,14,114.3
2023,1,1,STEC,O121:H19,1,7,-85.7
2024,1,1,STEC,O121:H19,1,5,-80
2023,1,2,STEC,O121:H19,3,4.5,-33.3
2024,1,2,STEC,O121:H19,8,3,166.7
2023,1,3,STEC,O121:H19,8,11,-27.3
2024,1,3,STEC,O121:H19,8,8,0
2023,2,4,STEC,O121:H19,6,16,-62.5
2024,2,4,STEC,O121:H19,8,9.5,-15.8
2023,2,5,STEC,O121:H19,13,25,-48
2024,2,5,STEC,O121:H19,11,19,-42.1
2023,2,6,STEC,O121:H19,24,42,-42.9
2024,2,6,STEC,O121:H19,11,37.5,-70.7
2023,3,7,STEC,O121:H19,22,38,-42.1
2023,3,8,STEC,O121:H19,30,33,-9.1
2023,3,9,STEC,O121:H19,34,17,100
2023,4,10,STEC,O121:H19,32,13.5,137
2023,4,11,STEC,O121:H19,9,14,-35.7
2023,4,12,STEC,O121:H19,11,10,10
2023,1,1,STEC,O123/O186:H2,16,10.5,52.4
2024,1,1,STEC,O123/O186:H2,19,15,26.7
2023,1,2,STEC,O123/O186:H2,16,9,77.8
2024,1,2,STEC,O123/O186:H2,11,15,-26.7
2023,1,3,STEC,O123/O186:H2,20,18,11.1
2024,1,3,STEC,O123/O186:H2,17,24.5,-30.6
2023,2,4,STEC,O123/O186:H2,26,17.5,48.6
2024,2,4,STEC,O123/O186:H2,24,26,-7.7
2023,2,5,STEC,O123/O186:H2,17,20.5,-17.1
2024,2,5,STEC,O123/O186:H2,18,22,-18.2
2023,2,6,STEC,O123/O186:H2,21,32.5,-35.4
2024,2,6,STEC,O123/O186:H2,4,27.5,-85.5
2023,3,7,STEC,O123/O186:H2,32,24,33.3
2023,3,8,STEC,O123/O186:H2,25,29,-13.8
2023,3,9,STEC,O123/O186:H2,15,15.5,-3.2
2023,4,10,STEC,O123/O186:H2,9,9,0
2023,4,11,STEC,O123/O186:H2,9,14.5,-37.9
2023,4,12,STEC,O123/O186:H2,10,13,-23.1
2023,1,1,STEC,O128:H2,3,1.5,100
2024,1,1,STEC,O128:H2,3,1.5,100
2023,1,2,STEC,O128:H2,1,1,0
2024,1,2,STEC,O128:H2,1,1,0
2023,1,3,STEC,O128:H2,3,2.5,20
2024,1,3,STEC,O128:H2,2,2.5,-20
2023,2,4,STEC,O128:H2,3,1.5,100
2024,2,4,STEC,O128:H2,1,2.5,-60
2023,2,5,STEC,O128:H2,0,3,0
2024,2,5,STEC,O128:H2,2,0,0
2023,2,6,STEC,O128:H2,0,2.5,0
2024,2,6,STEC,O128:H2,0,0,0
2023,3,7,STEC,O128:H2,4,2.5,60
2023,3,8,STEC,O128:H2,2,1.5,33.3
2023,3,9,STEC,O128:H2,3,2.5,20
2023,4,10,STEC,O128:H2,2,4,-50
2023,4,11,STEC,O128:H2,4,2.5,60
2023,4,12,STEC,O128:H2,1,0,
2023,1,1,STEC,O145:H28,1,5,-80
2024,1,1,STEC,O145:H28,13,2,550
2023,1,2,STEC,O145:H28,7,5,40
2024,1,2,STEC,O145:H28,6,6,0
2023,1,3,STEC,O145:H28,6,12,-50
2024,1,3,STEC,O145:H28,13,6.5,100
2023,2,4,STEC,O145:H28,10,10,0
2024,2,4,STEC,O145:H28,12,10,20
2023,2,5,STEC,O145:H28,8,12.5,-36
2024,2,5,STEC,O145:H28,15,8.5,76.5
2023,2,6,STEC,O145:H28,16,15.5,3.2
2024,2,6,STEC,O145:H28,16,16.5,-3
2023,3,7,STEC,O145:H28,33,23.5,40.4
2023,3,8,STEC,O145:H28,25,21,19
2023,3,9,STEC,O145:H28,20,17,17.6
2023,4,10,STEC,O145:H28,11,8,37.5
2023,4,11,STEC,O145:H28,23,14,64.3
2023,4,12,STEC,O145:H28,10,8,25
2023,1,1,STEC,O146:H21,6,2.5,140
2024,1,1,STEC,O146:H21,11,5,120
2023,1,2,STEC,O146:H21,2,5.5,-63.6
2024,1,2,STEC,O146:H21,7,4.5,55.6
2023,1,3,STEC,O146:H21,5,1.5,233.3
2024,1,3,STEC,O146:H21,1,4,-75
2023,2,4,STEC,O146:H21,5,2,150
2024,2,4,STEC,O146:H21,1,3,-66.7
2023,2,5,STEC,O146:H21,3,3,0
2024,2,5,STEC,O146:H21,4,3.5,14.3
2023,2,6,STEC,O146:H21,7,2.5,180
2024,2,6,STEC,O146:H21,4,4.5,-11.1
2023,3,7,STEC,O146:H21,4,5,-20
2023,3,8,STEC,O146:H21,5,7,-28.6
2023,3,9,STEC,O146:H21,4,6.5,-38.5
2023,4,10,STEC,O146:H21,7,3,133.3
2023,4,11,STEC,O146:H21,3,4,-25
2023,4,12,STEC,O146:H21,4,2,100
2023,1,1,STEC,O156:H25,1,1.5,-33.3
2024,1,1,STEC,O156:H25,1,1,0
2023,1,2,STEC,O156:H25,0,0.5,0
2024,1,2,STEC,O156:H25,3,0,0
2023,1,3,STEC,O156:H25,5,2.5,100
2024,1,3,STEC,O156:H25,3,4,-25
2023,2,4,STEC,O156:H25,1,2.5,-60
2024,2,4,STEC,O156:H25,3,1.5,100
2023,2,5,STEC,O156:H25,5,3.5,42.9
2024,2,5,STEC,O156:H25,5,5,0
2023,2,6,STEC,O156:H25,2,1,100
2024,2,6,STEC,O156:H25,1,2,-50
2023,3,7,STEC,O156:H25,2,2,0
2023,3,8,STEC,O156:H25,4,1,300
2023,3,9,STEC,O156:H25,2,2,0
2023,4,10,STEC,O156:H25,2,1,100
2023,4,11,STEC,O156:H25,2,2,0
2023,4,12,STEC,O156:H25,3,2,50
2023,1,1,STEC,O157:H7,56,57,-1.8
2024,1,1,STEC,O157:H7,56,61,-8.2
2023,1,2,STEC,O157:H7,33,47,-29.8
2024,1,2,STEC,O157:H7,72,35,105.7
2023,1,3,STEC,O157:H7,50,48.5,3.1
2024,1,3,STEC,O157:H7,68,50,36
2023,2,4,STEC,O157:H7,76,98.5,-22.8
2024,2,4,STEC,O157:H7,69,89,-22.5
2023,2,5,STEC,O157:H7,85,114.5,-25.8
2024,2,5,STEC,O157:H7,86,89.5,-3.9
2023,2,6,STEC,O157:H7,174,148,17.6
2024,2,6,STEC,O157:H7,80,163.5,-51.1
2023,3,7,STEC,O157:H7,215,224,-4
2023,3,8,STEC,O157:H7,243,302.5,-19.7
2023,3,9,STEC,O157:H7,216,215,0.5
2023,4,10,STEC,O157:H7,194,167,16.2
2023,4,11,STEC,O157:H7,124,115,7.8
2023,4,12,STEC,O157:H7,56,76.5,-26.8
2023,1,1,STEC,O163:H19,0,0.5,0
2024,1,1,STEC,O163:H19,2,0,0
2023,1,2,STEC,O163:H19,2,0,
2024,1,2,STEC,O163:H19,2,1,100
2023,1,3,STEC,O163:H19,1,0.5,100
2024,1,3,STEC,O163:H19,1,1,0
2023,2,4,STEC,O163:H19,1,0,
2024,2,4,STEC,O163:H19,0,0.5,0
2023,2,5,STEC,O163:H19,0,0.5,0
2024,2,5,STEC,O163:H19,0,0,0
2023,2,6,STEC,O163:H19,0,0,0
2024,2,6,STEC,O163:H19,0,0,0
2023,3,7,STEC,O163:H19,0,0.5,0
2023,3,8,STEC,O163:H19,0,1,0
2023,3,9,STEC,O163:H19,1,1,0
2023,4,10,STEC,O163:H19,0,1,0
2023,4,11,STEC,O163:H19,0,0.5,0
2023,4,12,STEC,O163:H19,5,0,
2023,1,1,STEC,O165:H25,2,0.5,300
2024,1,1,STEC,O165:H25,3,1.5,100
2023,1,2,STEC,O165:H25,1,1.5,-33.3
2024,1,2,STEC,O165:H25,0,1,0
2023,1,3,STEC,O165:H25,0,1.5,0
2024,1,3,STEC,O165:H25,4,0,0
2023,2,4,STEC,O165:H25,1,1,0
2024,2,4,STEC,O165:H25,2,1,100
2023,2,5,STEC,O165:H25,5,4,25
2024,2,5,STEC,O165:H25,1,4.5,-77.8
2023,2,6,STEC,O165:H25,4,2.5,60
2024,2,6,STEC,O165:H25,4,4,0
2023,3,7,STEC,O165:H25,3,5,-40
2023,3,8,STEC,O165:H25,2,2,0
2023,3,9,STEC,O165:H25,2,1,100
2023,4,10,STEC,O165:H25,2,3,-33.3
2023,4,11,STEC,O165:H25,1,0.5,100
2023,4,12,STEC,O165:H25,0,1.5,0
2023,1,1,STEC,O166:H15,0,0,0
2024,1,1,STEC,O166:H15,0,0,0
2023,1,2,STEC,O166:H15,0,0,0
2024,1,2,STEC,O166:H15,0,0,0
2023,1,3,STEC,O166:H15,1,0.5,100
2024,1,3,STEC,O166:H15,1,1,0
2023,2,4,STEC,O166:H15,2,0,
2024,2,4,STEC,O166:H15,0,1,0
2023,2,5,STEC,O166:H15,0,0,0
2024,2,5,STEC,O166:H15,1,0,0
2023,2,6,STEC,O166:H15,1,0,
2024,2,6,STEC,O166:H15,0,0.5,0
2023,3,7,STEC,O166:H15,0,0,0
2023,3,8,STEC,O166:H15,2,0,
2023,3,9,STEC,O166:H15,0,1,0
2023,4,10,STEC,O166:H15,1,0.5,100
2023,4,11,STEC,O166:H15,1,0,
2023,4,12,STEC,O166:H15,4,1.5,166.7
2023,1,1,STEC,O17/O44/O77:H18,2,1,100
2024,1,1,STEC,O17/O44/O77:H18,0,2,0
2023,1,2,STEC,O17/O44/O77:H18,1,0.5,100
2024,1,2,STEC,O17/O44/O77:H18,3,0.5,500
2023,1,3,STEC,O17/O44/O77:H18,1,2,-50
2024,1,3,STEC,O17/O44/O77:H18,2,2.5,-20
2023,2,4,STEC,O17/O44/O77:H18,0,1,0
2024,2,4,STEC,O17/O44/O77:H18,0,0,0
2023,2,5,STEC,O17/O44/O77:H18,1,2,-50
2024,2,5,STEC,O17/O44/O77:H18,2,1.5,33.3
2023,2,6,STEC,O17/O44/O77:H18,2,1.5,33.3
2024,2,6,STEC,O17/O44/O77:H18,1,2,-50
2023,3,7,STEC,O17/O44/O77:H18,2,4,-50
2023,3,8,STEC,O17/O44/O77:H18,1,1.5,-33.3
2023,3,9,STEC,O17/O44/O77:H18,1,2.5,-60
2023,4,10,STEC,O17/O44/O77:H18,1,0.5,100
2023,4,11,STEC,O17/O44/O77:H18,3,0.5,500
2023,4,12,STEC,O17/O44/O77:H18,2,1.5,33.3
2023,1,1,STEC,O177:H25,2,0.5,300
2024,1,1,STEC,O177:H25,2,1,100
2023,1,2,STEC,O177:H25,0,0.5,0
2024,1,2,STEC,O177:H25,3,0,0
2023,1,3,STEC,O177:H25,0,2,0
2024,1,3,STEC,O177:H25,0,0,0
2023,2,4,STEC,O177:H25,1,3,-66.7
2024,2,4,STEC,O177:H25,1,3,-66.7
2023,2,5,STEC,O177:H25,3,4,-25
2024,2,5,STEC,O177:H25,3,2,50
2023,2,6,STEC,O177:H25,2,2.5,-20
2024,2,6,STEC,O177:H25,6,3.5,71.4
2023,3,7,STEC,O177:H25,4,7,-42.9
2023,3,8,STEC,O177:H25,8,3,166.7
2023,3,9,STEC,O177:H25,3,3.5,-14.3
2023,4,10,STEC,O177:H25,6,2,200
2023,4,11,STEC,O177:H25,2,2.5,-20
2023,4,12,STEC,O177:H25,1,1.5,-33.3
2023,1,1,STEC,O22:H8,0,0,0
2024,1,1,STEC,O22:H8,0,0,0
2023,1,2,STEC,O22:H8,0,0.5,0
2024,1,2,STEC,O22:H8,0,0,0
2023,1,3,STEC,O22:H8,0,0,0
2024,1,3,STEC,O22:H8,0,0,0
2023,2,4,STEC,O22:H8,0,1,0
2024,2,4,STEC,O22:H8,2,0,0
2023,2,5,STEC,O22:H8,2,0,
2024,2,5,STEC,O22:H8,2,1,100
2023,2,6,STEC,O22:H8,1,0.5,100
2024,2,6,STEC,O22:H8,0,1,0
2023,3,7,STEC,O22:H8,1,0.5,100
2023,3,8,STEC,O22:H8,0,0.5,0
2023,3,9,STEC,O22:H8,0,0.5,0
2023,4,10,STEC,O22:H8,1,0.5,100
2023,4,11,STEC,O22:H8,1,0,
2023,4,12,STEC,O22:H8,2,0,
2023,1,1,STEC,O26:H11,47,24.5,91.8
2024,1,1,STEC,O26:H11,35,39,-10.3
2023,1,2,STEC,O26:H11,38,21.5,76.7
2024,1,2,STEC,O26:H11,44,32,37.5
2023,1,3,STEC,O26:H11,45,42,7.1
2024,1,3,STEC,O26:H11,54,42.5,27.1
2023,2,4,STEC,O26:H11,47,53.5,-12.1
2024,2,4,STEC,O26:H11,66,50.5,30.7
2023,2,5,STEC,O26:H11,78,73,6.8
2024,2,5,STEC,O26:H11,79,81,-2.5
2023,2,6,STEC,O26:H11,103,113,-8.8
2024,2,6,STEC,O26:H11,63,105,-40
2023,3,7,STEC,O26:H11,108,137,-21.2
2023,3,8,STEC,O26:H11,113,98.5,14.7
2023,3,9,STEC,O26:H11,87,65,33.8
2023,4,10,STEC,O26:H11,74,61,21.3
2023,4,11,STEC,O26:H11,59,58.5,0.9
2023,4,12,STEC,O26:H11,33,33.5,-1.5
2023,1,1,STEC,O45:H2,1,0.5,100
2024,1,1,STEC,O45:H2,2,1,100
2023,1,2,STEC,O45:H2,6,2.5,140
2024,1,2,STEC,O45:H2,5,4.5,11.1
2023,1,3,STEC,O45:H2,5,3,66.7
2024,1,3,STEC,O45:H2,5,3.5,42.9
2023,2,4,STEC,O45:H2,4,1.5,166.7
2024,2,4,STEC,O45:H2,3,2.5,20
2023,2,5,STEC,O45:H2,9,6,50
2024,2,5,STEC,O45:H2,8,8,0
2023,2,6,STEC,O45:H2,9,13,-30.8
2024,2,6,STEC,O45:H2,6,11,-45.5
2023,3,7,STEC,O45:H2,7,14,-50
2023,3,8,STEC,O45:H2,18,12,50
2023,3,9,STEC,O45:H2,8,11.5,-30.4
2023,4,10,STEC,O45:H2,7,12,-41.7
2023,4,11,STEC,O45:H2,3,6,-50
2023,4,12,STEC,O45:H2,2,2.5,-20
2023,1,1,STEC,O55:H12,0,0,0
2024,1,1,STEC,O55:H12,2,0,0
2023,1,2,STEC,O55:H12,2,1.5,33.3
2024,1,2,STEC,O55:H12,3,2.5,20
2023,1,3,STEC,O55:H12,4,0.5,700
2024,1,3,STEC,O55:H12,1,2,-50
2023,2,4,STEC,O55:H12,4,2.5,60
2024,2,4,STEC,O55:H12,2,3.5,-42.9
2023,2,5,STEC,O55:H12,2,3,-33.3
2024,2,5,STEC,O55:H12,2,3,-33.3
2023,2,6,STEC,O55:H12,1,1.5,-33.3
2024,2,6,STEC,O55:H12,2,1.5,33.3
2023,3,7,STEC,O55:H12,4,3.5,14.3
2023,3,8,STEC,O55:H12,1,4,-75
2023,3,9,STEC,O55:H12,5,0,
2023,4,10,STEC,O55:H12,3,0,
2023,4,11,STEC,O55:H12,3,1.5,100
2023,4,12,STEC,O55:H12,3,2,50
2023,1,1,STEC,O5:H9,1,2,-50
2024,1,1,STEC,O5:H9,1,1,0
2023,1,2,STEC,O5:H9,2,1,100
2024,1,2,STEC,O5:H9,6,1.5,300
2023,1,3,STEC,O5:H9,8,6.5,23.1
2024,1,3,STEC,O5:H9,2,6.5,-69.2
2023,2,4,STEC,O5:H9,17,7.5,126.7
2024,2,4,STEC,O5:H9,10,11.5,-13
2023,2,5,STEC,O5:H9,7,14,-50
2024,2,5,STEC,O5:H9,4,13,-69.2
2023,2,6,STEC,O5:H9,15,14.5,3.4
2024,2,6,STEC,O5:H9,1,15,-93.3
2023,3,7,STEC,O5:H9,13,17.5,-25.7
2023,3,8,STEC,O5:H9,8,11.5,-30.4
2023,3,9,STEC,O5:H9,8,10.5,-23.8
2023,4,10,STEC,O5:H9,5,3.5,42.9
2023,4,11,STEC,O5:H9,4,4,0
2023,4,12,STEC,O5:H9,0,3,0
2023,1,1,STEC,O69:H11,6,2,200
2024,1,1,STEC,O69:H11,7,4.5,55.6
2023,1,2,STEC,O69:H11,4,1.5,166.7
2024,1,2,STEC,O69:H11,3,3.5,-14.3
2023,1,3,STEC,O69:H11,6,1.5,300
2024,1,3,STEC,O69:H11,7,4,75
2023,2,4,STEC,O69:H11,5,4,25
2024,2,4,STEC,O69:H11,4,5.5,-27.3
2023,2,5,STEC,O69:H11,4,2.5,60
2024,2,5,STEC,O69:H11,10,4,150
2023,2,6,STEC,O69:H11,9,8,12.5
2024,2,6,STEC,O69:H11,2,9,-77.8
2023,3,7,STEC,O69:H11,11,6,83.3
2023,3,8,STEC,O69:H11,6,3.5,71.4
2023,3,9,STEC,O69:H11,8,4,100
2023,4,10,STEC,O69:H11,3,1.5,100
2023,4,11,STEC,O69:H11,4,6,-33.3
2023,4,12,STEC,O69:H11,3,2,50
2023,1,1,STEC,O6:H34,2,0,
2024,1,1,STEC,O6:H34,0,1,0
2023,1,2,STEC,O6:H34,0,0,0
2024,1,2,STEC,O6:H34,0,0,0
2023,1,3,STEC,O6:H34,0,0.5,0
2024,1,3,STEC,O6:H34,1,0,0
2023,2,4,STEC,O6:H34,0,0,0
2024,2,4,STEC,O6:H34,1,0,0
2023,2,5,STEC,O6:H34,1,0,
2024,2,5,STEC,O6:H34,1,0.5,100
2023,2,6,STEC,O6:H34,0,1,0
2024,2,6,STEC,O6:H34,1,0,0
2023,3,7,STEC,O6:H34,0,0,0
2023,3,8,STEC,O6:H34,0,0,0
2023,3,9,STEC,O6:H34,0,1,0
2023,4,10,STEC,O6:H34,0,0,0
2023,4,11,STEC,O6:H34,1,0,
2023,4,12,STEC,O6:H34,1,0,
2023,1,1,STEC,O71:H11,15,7,114.3
2024,1,1,STEC,O71:H11,8,11,-27.3
2023,1,2,STEC,O71:H11,8,9,-11.1
2024,1,2,STEC,O71:H11,10,10,0
2023,1,3,STEC,O71:H11,16,8,100
2024,1,3,STEC,O71:H11,19,14,35.7
2023,2,4,STEC,O71:H11,17,12.5,36
2024,2,4,STEC,O71:H11,18,14.5,24.1
2023,2,5,STEC,O71:H11,16,11,45.5
2024,2,5,STEC,O71:H11,10,16,-37.5
2023,2,6,STEC,O71:H11,18,11.5,56.5
2024,2,6,STEC,O71:H11,6,15,-60
2023,3,7,STEC,O71:H11,16,16,0
2023,3,8,STEC,O71:H11,23,9.5,142.1
2023,3,9,STEC,O71:H11,14,10.5,33.3
2023,4,10,STEC,O71:H11,7,10,-30
2023,4,11,STEC,O71:H11,7,8.5,-17.6
2023,4,12,STEC,O71:H11,15,7.5,100
2023,1,1,STEC,O76:H19,2,3.5,-42.9
2024,1,1,STEC,O76:H19,1,2.5,-60
2023,1,2,STEC,O76:H19,4,2,100
2024,1,2,STEC,O76:H19,1,2.5,-60
2023,1,3,STEC,O76:H19,6,2,200
2024,1,3,STEC,O76:H19,4,3.5,14.3
2023,2,4,STEC,O76:H19,3,2,50
2024,2,4,STEC,O76:H19,4,2.5,60
2023,2,5,STEC,O76:H19,5,6,-16.7
2024,2,5,STEC,O76:H19,1,6,-83.3
2023,2,6,STEC,O76:H19,3,3.5,-14.3
2024,2,6,STEC,O76:H19,1,2.5,-60
2023,3,7,STEC,O76:H19,5,2.5,100
2023,3,8,STEC,O76:H19,9,2.5,260
2023,3,9,STEC,O76:H19,5,2.5,100
2023,4,10,STEC,O76:H19,5,3.5,42.9
2023,4,11,STEC,O76:H19,5,3,66.7
2023,4,12,STEC,O76:H19,4,2,100
2023,1,1,STEC,O78,0,0,0
2024,1,1,STEC,O78,0,0,0
2023,1,2,STEC,O78,0,0,0
2024,1,2,STEC,O78,0,0,0
2023,1,3,STEC,O78,0,0,0
2024,1,3,STEC,O78,0,0,0
2023,2,4,STEC,O78,0,0,0
2024,2,4,STEC,O78,0,0,0
2023,2,5,STEC,O78,0,0,0
2024,2,5,STEC,O78,0,0,0
2023,2,6,STEC,O78,0,0,0
2024,2,6,STEC,O78,0,0,0
2023,3,7,STEC,O78,0,0,0
2023,3,8,STEC,O78,0,0,0
2023,3,9,STEC,O78,0,0,0
2023,4,10,STEC,O78,0,0,0
2023,4,11,STEC,O78,0,0,0
2023,4,12,STEC,O78,0,0,0
2023,1,1,STEC,O84:H2,1,0.5,100
2024,1,1,STEC,O84:H2,1,1,0
2023,1,2,STEC,O84:H2,1,0.5,100
2024,1,2,STEC,O84:H2,3,1,200
2023,1,3,STEC,O84:H2,0,2,0
2024,1,3,STEC,O84:H2,2,0,0
2023,2,4,STEC,O84:H2,2,2,0
2024,2,4,STEC,O84:H2,0,2.5,0
2023,2,5,STEC,O84:H2,3,3,0
2024,2,5,STEC,O84:H2,3,2,50
2023,2,6,STEC,O84:H2,6,5,20
2024,2,6,STEC,O84:H2,3,6,-50
2023,3,7,STEC,O84:H2,4,3.5,14.3
2023,3,8,STEC,O84:H2,3,2,50
2023,3,9,STEC,O84:H2,4,2,100
2023,4,10,STEC,O84:H2,3,2.5,20
2023,4,11,STEC,O84:H2,1,0.5,100
2023,4,12,STEC,O84:H2,1,0.5,100
2023,1,1,STEC,O8:H19,4,1.5,166.7
2024,1,1,STEC,O8:H19,0,2.5,0
2023,1,2,STEC,O8:H19,2,1,100
2024,1,2,STEC,O8:H19,4,1.5,166.7
2023,1,3,STEC,O8:H19,3,1,200
2024,1,3,STEC,O8:H19,5,2,150
2023,2,4,STEC,O8:H19,3,2,50
2024,2,4,STEC,O8:H19,4,3.5,14.3
2023,2,5,STEC,O8:H19,5,4,25
2024,2,5,STEC,O8:H19,2,5,-60
2023,2,6,STEC,O8:H19,6,2.5,140
2024,2,6,STEC,O8:H19,0,5,0
2023,3,7,STEC,O8:H19,1,3,-66.7
2023,3,8,STEC,O8:H19,4,3,33.3
2023,3,9,STEC,O8:H19,5,1.5,233.3
2023,4,10,STEC,O8:H19,1,3,-66.7
2023,4,11,STEC,O8:H19,1,2.5,-60
2023,4,12,STEC,O8:H19,2,2.5,-20
2023,1,1,STEC,O8:H28,3,0.5,500
2024,1,1,STEC,O8:H28,3,1.5,100
2023,1,2,STEC,O8:H28,1,1,0
2024,1,2,STEC,O8:H28,2,0.5,300
2023,1,3,STEC,O8:H28,1,0.5,100
2024,1,3,STEC,O8:H28,2,0.5,300
2023,2,4,STEC,O8:H28,0,1,0
2024,2,4,STEC,O8:H28,1,0,0
2023,2,5,STEC,O8:H28,0,1,0
2024,2,5,STEC,O8:H28,0,0,0
2023,2,6,STEC,O8:H28,4,0,
2024,2,6,STEC,O8:H28,0,2,0
2023,3,7,STEC,O8:H28,1,0.5,100
2023,3,8,STEC,O8:H28,3,1.5,100
2023,3,9,STEC,O8:H28,2,0,
2023,4,10,STEC,O8:H28,2,2,0
2023,4,11,STEC,O8:H28,1,1,0
2023,4,12,STEC,O8:H28,1,1,0
2023,1,1,STEC,O91:H14,5,4,25
2024,1,1,STEC,O91:H14,4,4.5,-11.1
2023,1,2,STEC,O91:H14,9,2.5,260
2024,1,2,STEC,O91:H14,4,5,-20
2023,1,3,STEC,O91:H14,11,7,57.1
2024,1,3,STEC,O91:H14,6,10,-40
2023,2,4,STEC,O91:H14,6,2,200
2024,2,4,STEC,O91:H14,4,4.5,-11.1
2023,2,5,STEC,O91:H14,8,4.5,77.8
2024,2,5,STEC,O91:H14,4,8,-50
2023,2,6,STEC,O91:H14,7,3.5,100
2024,2,6,STEC,O91:H14,3,6.5,-53.8
2023,3,7,STEC,O91:H14,7,5.5,27.3
2023,3,8,STEC,O91:H14,8,5,60
2023,3,9,STEC,O91:H14,4,4,0
2023,4,10,STEC,O91:H14,6,8,-25
2023,4,11,STEC,O91:H14,5,4.5,11.1
2023,4,12,STEC,O91:H14,6,4.5,33.3
2023,1,1,Salmonella,Africana,3,2.5,20
2024,1,1,Salmonella,Africana,4,3.5,14.3
2023,1,2,Salmonella,Africana,1,1.5,-33.3
2024,1,2,Salmonella,Africana,3,2,50
2023,1,3,Salmonella,Africana,0,1,0
2024,1,3,Salmonella,Africana,9,0,0
2023,2,4,Salmonella,Africana,3,1,200
2024,2,4,Salmonella,Africana,148,2,7300
2023,2,5,Salmonella,Africana,1,5,-80
2024,2,5,Salmonella,Africana,113,0.5,22500
2023,2,6,Salmonella,Africana,1,5.5,-81.8
2024,2,6,Salmonella,Africana,24,2.5,860
2023,3,7,Salmonella,Africana,1,1.5,-33.3
2023,3,8,Salmonella,Africana,9,2,350
2023,3,9,Salmonella,Africana,2,3,-33.3
2023,4,10,Salmonella,Africana,4,2,100
2023,4,11,Salmonella,Africana,5,3,66.7
2023,4,12,Salmonella,Africana,2,2.5,-20
2023,1,1,Salmonella,Agbeni,33,9.5,247.4
2024,1,1,Salmonella,Agbeni,17,21.5,-20.9
2023,1,2,Salmonella,Agbeni,6,10.5,-42.9
2024,1,2,Salmonella,Agbeni,26,9,188.9
2023,1,3,Salmonella,Agbeni,19,11.5,65.2
2024,1,3,Salmonella,Agbeni,22,17,29.4
2023,2,4,Salmonella,Agbeni,11,12.5,-12
2024,2,4,Salmonella,Agbeni,19,14,35.7
2023,2,5,Salmonella,Agbeni,34,13,161.5
2024,2,5,Salmonella,Agbeni,26,23,13
2023,2,6,Salmonella,Agbeni,31,28,10.7
2024,2,6,Salmonella,Agbeni,34,30,13.3
2023,3,7,Salmonella,Agbeni,79,47,68.1
2023,3,8,Salmonella,Agbeni,88,44,100
2023,3,9,Salmonella,Agbeni,60,56.5,6.2
2023,4,10,Salmonella,Agbeni,62,41.5,49.4
2023,4,11,Salmonella,Agbeni,46,26.5,73.6
2023,4,12,Salmonella,Agbeni,23,10.5,119
2023,1,1,Salmonella,Agona,35,18,94.4
2024,1,1,Salmonella,Agona,33,23.5,40.4
2023,1,2,Salmonella,Agona,31,20.5,51.2
2024,1,2,Salmonella,Agona,40,28,42.9
2023,1,3,Salmonella,Agona,35,23.5,48.9
2024,1,3,Salmonella,Agona,32,30.5,4.9
2023,2,4,Salmonella,Agona,22,22,0
2024,2,4,Salmonella,Agona,25,25,0
2023,2,5,Salmonella,Agona,49,31,58.1
2024,2,5,Salmonella,Agona,37,45,-17.8
2023,2,6,Salmonella,Agona,48,37,29.7
2024,2,6,Salmonella,Agona,20,49,-59.2
2023,3,7,Salmonella,Agona,63,32,96.9
2023,3,8,Salmonella,Agona,67,51,31.4
2023,3,9,Salmonella,Agona,59,46.5,26.9
2023,4,10,Salmonella,Agona,79,29,172.4
2023,4,11,Salmonella,Agona,42,27,55.6
2023,4,12,Salmonella,Agona,41,23.5,74.5
2023,1,1,Salmonella,Anatum,33,15,120
2024,1,1,Salmonella,Anatum,22,24,-8.3
2023,1,2,Salmonella,Anatum,15,15.5,-3.2
2024,1,2,Salmonella,Anatum,18,14,28.6
2023,1,3,Salmonella,Anatum,20,25,-20
2024,1,3,Salmonella,Anatum,19,23,-17.4
2023,2,4,Salmonella,Anatum,19,24,-20.8
2024,2,4,Salmonella,Anatum,26,21,23.8
2023,2,5,Salmonella,Anatum,29,26.5,9.4
2024,2,5,Salmonella,Anatum,28,28,0
2023,2,6,Salmonella,Anatum,38,37,2.7
2024,2,6,Salmonella,Anatum,25,37.5,-33.3
2023,3,7,Salmonella,Anatum,38,35.5,7
2023,3,8,Salmonella,Anatum,54,37,45.9
2023,3,9,Salmonella,Anatum,50,47.5,5.3
2023,4,10,Salmonella,Anatum,51,42.5,20
2023,4,11,Salmonella,Anatum,51,38.5,32.5
2023,4,12,Salmonella,Anatum,31,31,0
2023,1,1,Salmonella,Bareilly,31,18,72.2
2024,1,1,Salmonella,Bareilly,16,26.5,-39.6
2023,1,2,Salmonella,Bareilly,13,17.5,-25.7
2024,1,2,Salmonella,Bareilly,18,17.5,2.9
2023,1,3,Salmonella,Bareilly,12,14,-14.3
2024,1,3,Salmonella,Bareilly,17,14.5,17.2
2023,2,4,Salmonella,Bareilly,46,31,48.4
2024,2,4,Salmonella,Bareilly,32,37,-13.5
2023,2,5,Salmonella,Bareilly,41,65.5,-37.4
2024,2,5,Salmonella,Bareilly,57,47.5,20
2023,2,6,Salmonella,Bareilly,56,77.5,-27.7
2024,2,6,Salmonella,Bareilly,20,59,-66.1
2023,3,7,Salmonella,Bareilly,72,69.5,3.6
2023,3,8,Salmonella,Bareilly,94,75.5,24.5
2023,3,9,Salmonella,Bareilly,77,72,6.9
2023,4,10,Salmonella,Bareilly,62,57.5,7.8
2023,4,11,Salmonella,Bareilly,38,28,35.7
2023,4,12,Salmonella,Bareilly,26,25.5,2
2023,1,1,Salmonella,Berta,24,16.5,45.5
2024,1,1,Salmonella,Berta,17,24,-29.2
2023,1,2,Salmonella,Berta,15,11,36.4
2024,1,2,Salmonella,Berta,12,14.5,-17.2
2023,1,3,Salmonella,Berta,29,13,123.1
2024,1,3,Salmonella,Berta,11,23,-52.2
2023,2,4,Salmonella,Berta,29,17,70.6
2024,2,4,Salmonella,Berta,40,22,81.8
2023,2,5,Salmonella,Berta,34,24,41.7
2024,2,5,Salmonella,Berta,29,27.5,5.5
2023,2,6,Salmonella,Berta,36,35.5,1.4
2024,2,6,Salmonella,Berta,15,34,-55.9
2023,3,7,Salmonella,Berta,52,44,18.2
2023,3,8,Salmonella,Berta,55,50,10
2023,3,9,Salmonella,Berta,45,51.5,-12.6
2023,4,10,Salmonella,Berta,35,32.5,7.7
2023,4,11,Salmonella,Berta,19,29,-34.5
2023,4,12,Salmonella,Berta,22,26.5,-17
2023,1,1,Salmonella,Braenderup,64,46.5,37.6
2024,1,1,Salmonella,Braenderup,75,60,25
2023,1,2,Salmonella,Braenderup,57,38,50
2024,1,2,Salmonella,Braenderup,74,51.5,43.7
2023,1,3,Salmonella,Braenderup,67,51,31.4
2024,1,3,Salmonella,Braenderup,122,61.5,98.4
2023,2,4,Salmonella,Braenderup,100,61.5,62.6
2024,2,4,Salmonella,Braenderup,209,76,175
2023,2,5,Salmonella,Braenderup,148,114.5,29.3
2024,2,5,Salmonella,Braenderup,222,147.5,50.5
2023,2,6,Salmonella,Braenderup,168,111,51.4
2024,2,6,Salmonella,Braenderup,74,143.5,-48.4
2023,3,7,Salmonella,Braenderup,180,121,48.8
2023,3,8,Salmonella,Braenderup,191,117,63.2
2023,3,9,Salmonella,Braenderup,142,129.5,9.7
2023,4,10,Salmonella,Braenderup,137,105.5,29.9
2023,4,11,Salmonella,Braenderup,108,86,25.6
2023,4,12,Salmonella,Braenderup,141,70.5,100
2023,1,1,Salmonella,Dublin,39,35.5,9.9
2024,1,1,Salmonella,Dublin,34,38,-10.5
2023,1,2,Salmonella,Dublin,16,17.5,-8.6
2024,1,2,Salmonella,Dublin,21,19,10.5
2023,1,3,Salmonella,Dublin,28,20.5,36.6
2024,1,3,Salmonella,Dublin,30,24,25
2023,2,4,Salmonella,Dublin,32,21.5,48.8
2024,2,4,Salmonella,Dublin,25,27.5,-9.1
2023,2,5,Salmonella,Dublin,21,16,31.2
2024,2,5,Salmonella,Dublin,18,17,5.9
2023,2,6,Salmonella,Dublin,19,28,-32.1
2024,2,6,Salmonella,Dublin,21,22.5,-6.7
2023,3,7,Salmonella,Dublin,14,17,-17.6
2023,3,8,Salmonella,Dublin,23,23,0
2023,3,9,Salmonella,Dublin,21,26.5,-20.8
2023,4,10,Salmonella,Dublin,29,30,-3.3
2023,4,11,Salmonella,Dublin,23,30,-23.3
2023,4,12,Salmonella,Dublin,24,26,-7.7
2023,1,1,Salmonella,Enteritidis,569,341,66.9
2024,1,1,Salmonella,Enteritidis,692,492.5,40.5
2023,1,2,Salmonella,Enteritidis,539,270,99.6
2024,1,2,Salmonella,Enteritidis,716,435,64.6
2023,1,3,Salmonella,Enteritidis,730,442.5,65
2024,1,3,Salmonella,Enteritidis,844,640.5,31.8
2023,2,4,Salmonella,Enteritidis,796,579,37.5
2024,2,4,Salmonella,Enteritidis,935,747,25.2
2023,2,5,Salmonella,Enteritidis,1079,705.5,52.9
2024,2,5,Salmonella,Enteritidis,1079,962.5,12.1
2023,2,6,Salmonella,Enteritidis,1145,797.5,43.6
2024,2,6,Salmonella,Enteritidis,585,1029.5,-43.2
2023,3,7,Salmonella,Enteritidis,1235,880.5,40.3
2023,3,8,Salmonella,Enteritidis,1289,798,61.5
2023,3,9,Salmonella,Enteritidis,983,681,44.3
2023,4,10,Salmonella,Enteritidis,909,621.5,46.3
2023,4,11,Salmonella,Enteritidis,756,525.5,43.9
2023,4,12,Salmonella,Enteritidis,620,465,33.3
2023,1,1,Salmonella,Hadar,19,18,5.6
2024,1,1,Salmonella,Hadar,31,16,93.8
2023,1,2,Salmonella,Hadar,15,11.5,30.4
2024,1,2,Salmonella,Hadar,22,9.5,131.6
2023,1,3,Salmonella,Hadar,21,32,-34.4
2024,1,3,Salmonella,Hadar,29,20,45
2023,2,4,Salmonella,Hadar,22,83,-73.5
2024,2,4,Salmonella,Hadar,18,32.5,-44.6
2023,2,5,Salmonella,Hadar,27,64.5,-58.1
2024,2,5,Salmonella,Hadar,40,44.5,-10.1
2023,2,6,Salmonella,Hadar,32,50,-36
2024,2,6,Salmonella,Hadar,6,46,-87
2023,3,7,Salmonella,Hadar,27,49.5,-45.5
2023,3,8,Salmonella,Hadar,25,49.5,-49.5
2023,3,9,Salmonella,Hadar,28,47,-40.4
2023,4,10,Salmonella,Hadar,23,31.5,-27
2023,4,11,Salmonella,Hadar,32,25,28
2023,4,12,Salmonella,Hadar,26,25.5,2
2023,1,1,Salmonella,Hartford,15,6,150
2024,1,1,Salmonella,Hartford,8,11,-27.3
2023,1,2,Salmonella,Hartford,52,7,642.9
2024,1,2,Salmonella,Hartford,6,30.5,-80.3
2023,1,3,Salmonella,Hartford,13,7.5,73.3
2024,1,3,Salmonella,Hartford,12,10,20
2023,2,4,Salmonella,Hartford,22,12,83.3
2024,2,4,Salmonella,Hartford,6,16.5,-63.6
2023,2,5,Salmonella,Hartford,24,15,60
2024,2,5,Salmonella,Hartford,20,18.5,8.1
2023,2,6,Salmonella,Hartford,39,29.5,32.2
2024,2,6,Salmonella,Hartford,17,34.5,-50.7
2023,3,7,Salmonella,Hartford,57,39.5,44.3
2023,3,8,Salmonella,Hartford,39,33,18.2
2023,3,9,Salmonella,Hartford,45,34.5,30.4
2023,4,10,Salmonella,Hartford,29,34.5,-15.9
2023,4,11,Salmonella,Hartford,21,18.5,13.5
2023,4,12,Salmonella,Hartford,14,12,16.7
2023,1,1,Salmonella,"I 4,[5],12:i:-",136,108.5,25.3
2024,1,1,Salmonella,"I 4,[5],12:i:-",185,119,55.5
2023,1,2,Salmonella,"I 4,[5],12:i:-",98,83.5,17.4
2024,1,2,Salmonella,"I 4,[5],12:i:-",84,89.5,-6.1
2023,1,3,Salmonella,"I 4,[5],12:i:-",114,113.5,0.4
2024,1,3,Salmonella,"I 4,[5],12:i:-",116,122,-4.9
2023,2,4,Salmonella,"I 4,[5],12:i:-",129,133,-3
2024,2,4,Salmonella,"I 4,[5],12:i:-",156,129.5,20.5
2023,2,5,Salmonella,"I 4,[5],12:i:-",151,128,18
2024,2,5,Salmonella,"I 4,[5],12:i:-",139,135,3
2023,2,6,Salmonella,"I 4,[5],12:i:-",176,164.5,7
2024,2,6,Salmonella,"I 4,[5],12:i:-",100,164,-39
2023,3,7,Salmonella,"I 4,[5],12:i:-",210,219.5,-4.3
2023,3,8,Salmonella,"I 4,[5],12:i:-",227,255.5,-11.2
2023,3,9,Salmonella,"I 4,[5],12:i:-",240,241,-0.4
2023,4,10,Salmonella,"I 4,[5],12:i:-",159,169.5,-6.2
2023,4,11,Salmonella,"I 4,[5],12:i:-",130,145,-10.3
2023,4,12,Salmonella,"I 4,[5],12:i:-",192,145,32.4
2023,1,1,Salmonella,I 4:b:-,21,16.5,27.3
2024,1,1,Salmonella,I 4:b:-,11,17.5,-37.1
2023,1,2,Salmonella,I 4:b:-,16,14.5,10.3
2024,1,2,Salmonella,I 4:b:-,15,13,15.4
2023,1,3,Salmonella,I 4:b:-,19,18.5,2.7
2024,1,3,Salmonella,I 4:b:-,8,19,-57.9
2023,2,4,Salmonella,I 4:b:-,27,31,-12.9
2024,2,4,Salmonella,I 4:b:-,28,27,3.7
2023,2,5,Salmonella,I 4:b:-,51,35.5,43.7
2024,2,5,Salmonella,I 4:b:-,40,41.5,-3.6
2023,2,6,Salmonella,I 4:b:-,48,54.5,-11.9
2024,2,6,Salmonella,I 4:b:-,31,47,-34
2023,3,7,Salmonella,I 4:b:-,88,63,39.7
2023,3,8,Salmonella,I 4:b:-,57,42,35.7
2023,3,9,Salmonella,I 4:b:-,31,50.5,-38.6
2023,4,10,Salmonella,I 4:b:-,55,41,34.1
2023,4,11,Salmonella,I 4:b:-,24,30,-20
2023,4,12,Salmonella,I 4:b:-,22,13.5,63
2023,1,1,Salmonella,Infantis,109,72,51.4
2024,1,1,Salmonella,Infantis,109,97,12.4
2023,1,2,Salmonella,Infantis,90,77,16.9
2024,1,2,Salmonella,Infantis,101,93.5,8
2023,1,3,Salmonella,Infantis,100,103.5,-3.4
2024,1,3,Salmonella,Infantis,104,105,-1
2023,2,4,Salmonella,Infantis,151,126,19.8
2024,2,4,Salmonella,Infantis,128,130.5,-1.9
2023,2,5,Salmonella,Infantis,173,196.5,-12
2024,2,5,Salmonella,Infantis,159,176,-9.7
2023,2,6,Salmonella,Infantis,174,212,-17.9
2024,2,6,Salmonella,Infantis,77,176.5,-56.4
2023,3,7,Salmonella,Infantis,177,213,-16.9
2023,3,8,Salmonella,Infantis,252,194,29.9
2023,3,9,Salmonella,Infantis,200,202,-1
2023,4,10,Salmonella,Infantis,219,188.5,16.2
2023,4,11,Salmonella,Infantis,152,138,10.1
2023,4,12,Salmonella,Infantis,106,96,10.4
2023,1,1,Salmonella,Javiana,72,71.5,0.7
2024,1,1,Salmonella,Javiana,89,75,18.7
2023,1,2,Salmonella,Javiana,69,53,30.2
2024,1,2,Salmonella,Javiana,49,62,-21
2023,1,3,Salmonella,Javiana,70,52,34.6
2024,1,3,Salmonella,Javiana,62,63,-1.6
2023,2,4,Salmonella,Javiana,77,63,22.2
2024,2,4,Salmonella,Javiana,80,70,14.3
2023,2,5,Salmonella,Javiana,101,93.5,8
2024,2,5,Salmonella,Javiana,113,95.5,18.3
2023,2,6,Salmonella,Javiana,138,216,-36.1
2024,2,6,Salmonella,Javiana,81,172.5,-53
2023,3,7,Salmonella,Javiana,319,385,-17.1
2023,3,8,Salmonella,Javiana,401,473,-15.2
2023,3,9,Salmonella,Javiana,431,504,-14.5
2023,4,10,Salmonella,Javiana,349,352.5,-1
2023,4,11,Salmonella,Javiana,194,235,-17.4
2023,4,12,Salmonella,Javiana,112,118.5,-5.5
2023,1,1,Salmonella,Litchfield,6,9.5,-36.8
2024,1,1,Salmonella,Litchfield,10,7,42.9
2023,1,2,Salmonella,Litchfield,5,7,-28.6
2024,1,2,Salmonella,Litchfield,10,5.5,81.8
2023,1,3,Salmonella,Litchfield,14,10.5,33.3
2024,1,3,Salmonella,Litchfield,10,14,-28.6
2023,2,4,Salmonella,Litchfield,8,11.5,-30.4
2024,2,4,Salmonella,Litchfield,17,10,70
2023,2,5,Salmonella,Litchfield,14,20.5,-31.7
2024,2,5,Salmonella,Litchfield,15,19.5,-23.1
2023,2,6,Salmonella,Litchfield,26,27,-3.7
2024,2,6,Salmonella,Litchfield,13,24.5,-46.9
2023,3,7,Salmonella,Litchfield,31,28,10.7
2023,3,8,Salmonella,Litchfield,24,41,-41.5
2023,3,9,Salmonella,Litchfield,24,31,-22.6
2023,4,10,Salmonella,Litchfield,26,23.5,10.6
2023,4,11,Salmonella,Litchfield,15,18.5,-18.9
2023,4,12,Salmonella,Litchfield,15,13.5,11.1
2023,1,1,Salmonella,Mbandaka,6,10.5,-42.9
2024,1,1,Salmonella,Mbandaka,16,7,128.6
2023,1,2,Salmonella,Mbandaka,3,7,-57.1
2024,1,2,Salmonella,Mbandaka,8,5,60
2023,1,3,Salmonella,Mbandaka,17,10,70
2024,1,3,Salmonella,Mbandaka,21,12,75
2023,2,4,Salmonella,Mbandaka,32,18,77.8
2024,2,4,Salmonella,Mbandaka,45,20,125
2023,2,5,Salmonella,Mbandaka,66,23,187
2024,2,5,Salmonella,Mbandaka,46,44.5,3.4
2023,2,6,Salmonella,Mbandaka,45,24,87.5
2024,2,6,Salmonella,Mbandaka,18,28.5,-36.8
2023,3,7,Salmonella,Mbandaka,32,22.5,42.2
2023,3,8,Salmonella,Mbandaka,42,21.5,95.3
2023,3,9,Salmonella,Mbandaka,25,15,66.7
2023,4,10,Salmonella,Mbandaka,17,16,6.2
2023,4,11,Salmonella,Mbandaka,10,4,150
2023,4,12,Salmonella,Mbandaka,12,7.5,60
2023,1,1,Salmonella,Mississippi,24,19,26.3
2024,1,1,Salmonella,Mississippi,28,23.5,19.1
2023,1,2,Salmonella,Mississippi,10,9,11.1
2024,1,2,Salmonella,Mississippi,18,9.5,89.5
2023,1,3,Salmonella,Mississippi,18,20,-10
2024,1,3,Salmonella,Mississippi,24,18,33.3
2023,2,4,Salmonella,Mississippi,50,34,47.1
2024,2,4,Salmonella,Mississippi,47,41,14.6
2023,2,5,Salmonella,Mississippi,77,80,-3.8
2024,2,5,Salmonella,Mississippi,83,81.5,1.8
2023,2,6,Salmonella,Mississippi,82,133.5,-38.6
2024,2,6,Salmonella,Mississippi,55,111,-50.5
2023,3,7,Salmonella,Mississippi,132,181.5,-27.3
2023,3,8,Salmonella,Mississippi,118,148.5,-20.5
2023,3,9,Salmonella,Mississippi,123,142.5,-13.7
2023,4,10,Salmonella,Mississippi,85,94.5,-10.1
2023,4,11,Salmonella,Mississippi,51,53.5,-4.7
2023,4,12,Salmonella,Mississippi,33,32.5,1.5
2023,1,1,Salmonella,Montevideo,48,41.5,15.7
2024,1,1,Salmonella,Montevideo,44,44,0
2023,1,2,Salmonella,Montevideo,37,37.5,-1.3
2024,1,2,Salmonella,Montevideo,50,36.5,37
2023,1,3,Salmonella,Montevideo,53,44,20.5
2024,1,3,Salmonella,Montevideo,49,49.5,-1
2023,2,4,Salmonella,Montevideo,58,51.5,12.6
2024,2,4,Salmonella,Montevideo,56,61,-8.2
2023,2,5,Salmonella,Montevideo,80,70.5,13.5
2024,2,5,Salmonella,Montevideo,100,77.5,29
2023,2,6,Salmonella,Montevideo,98,100.5,-2.5
2024,2,6,Salmonella,Montevideo,50,102.5,-51.2
2023,3,7,Salmonella,Montevideo,98,133,-26.3
2023,3,8,Salmonella,Montevideo,127,107,18.7
2023,3,9,Salmonella,Montevideo,117,126,-7.1
2023,4,10,Salmonella,Montevideo,135,96,40.6
2023,4,11,Salmonella,Montevideo,88,64,37.5
2023,4,12,Salmonella,Montevideo,68,62,9.7
2023,1,1,Salmonella,Muenchen,51,41,24.4
2024,1,1,Salmonella,Muenchen,53,47,12.8
2023,1,2,Salmonella,Muenchen,38,33,15.2
2024,1,2,Salmonella,Muenchen,36,36.5,-1.4
2023,1,3,Salmonella,Muenchen,60,40,50
2024,1,3,Salmonella,Muenchen,54,54,0
2023,2,4,Salmonella,Muenchen,76,66.5,14.3
2024,2,4,Salmonella,Muenchen,64,77,-16.9
2023,2,5,Salmonella,Muenchen,92,81,13.6
2024,2,5,Salmonella,Muenchen,70,85,-17.6
2023,2,6,Salmonella,Muenchen,117,124.5,-6
2024,2,6,Salmonella,Muenchen,37,120,-69.2
2023,3,7,Salmonella,Muenchen,145,153.5,-5.5
2023,3,8,Salmonella,Muenchen,150,133.5,12.4
2023,3,9,Salmonella,Muenchen,150,161.5,-7.1
2023,4,10,Salmonella,Muenchen,148,123.5,19.8
2023,4,11,Salmonella,Muenchen,76,75.5,0.7
2023,4,12,Salmonella,Muenchen,48,59,-18.6
2023,1,1,Salmonella,Newport,222,153,45.1
2024,1,1,Salmonella,Newport,248,188.5,31.6
2023,1,2,Salmonella,Newport,173,129,34.1
2024,1,2,Salmonella,Newport,144,159,-9.4
2023,1,3,Salmonella,Newport,215,168.5,27.6
2024,1,3,Salmonella,Newport,156,196.5,-20.6
2023,2,4,Salmonella,Newport,224,195,14.9
2024,2,4,Salmonella,Newport,218,219,-0.5
2023,2,5,Salmonella,Newport,299,321.5,-7
2024,2,5,Salmonella,Newport,271,344,-21.2
2023,2,6,Salmonella,Newport,436,479.5,-9.1
2024,2,6,Salmonella,Newport,183,466,-60.7
2023,3,7,Salmonella,Newport,646,747,-13.5
2023,3,8,Salmonella,Newport,784,771.5,1.6
2023,3,9,Salmonella,Newport,801,865,-7.4
2023,4,10,Salmonella,Newport,697,660.5,5.5
2023,4,11,Salmonella,Newport,439,436,0.7
2023,4,12,Salmonella,Newport,320,265,20.8
2023,1,1,Salmonella,Norwich,5,2,150
2024,1,1,Salmonella,Norwich,5,4,25
2023,1,2,Salmonella,Norwich,4,1,300
2024,1,2,Salmonella,Norwich,3,2.5,20
2023,1,3,Salmonella,Norwich,1,2.5,-60
2024,1,3,Salmonella,Norwich,2,1,100
2023,2,4,Salmonella,Norwich,4,6.5,-38.5
2024,2,4,Salmonella,Norwich,2,6.5,-69.2
2023,2,5,Salmonella,Norwich,8,3.5,128.6
2024,2,5,Salmonella,Norwich,14,6,133.3
2023,2,6,Salmonella,Norwich,14,20.5,-31.7
2024,2,6,Salmonella,Norwich,4,15.5,-74.2
2023,3,7,Salmonella,Norwich,31,37,-16.2
2023,3,8,Salmonella,Norwich,37,40,-7.5
2023,3,9,Salmonella,Norwich,28,34.5,-18.8
2023,4,10,Salmonella,Norwich,31,25.5,21.6
2023,4,11,Salmonella,Norwich,13,7,85.7
2023,4,12,Salmonella,Norwich,4,7,-42.9
2023,1,1,Salmonella,Oranienburg,62,58.5,6
2024,1,1,Salmonella,Oranienburg,61,67,-9
2023,1,2,Salmonella,Oranienburg,58,47,23.4
2024,1,2,Salmonella,Oranienburg,42,60.5,-30.6
2023,1,3,Salmonella,Oranienburg,54,54,0
2024,1,3,Salmonella,Oranienburg,47,62.5,-24.8
2023,2,4,Salmonella,Oranienburg,58,49.5,17.2
2024,2,4,Salmonella,Oranienburg,61,53,15.1
2023,2,5,Salmonella,Oranienburg,101,61.5,64.2
2024,2,5,Salmonella,Oranienburg,72,82.5,-12.7
2023,2,6,Salmonella,Oranienburg,114,88,29.5
2024,2,6,Salmonella,Oranienburg,53,108,-50.9
2023,3,7,Salmonella,Oranienburg,146,141,3.5
2023,3,8,Salmonella,Oranienburg,177,256.5,-31
2023,3,9,Salmonella,Oranienburg,153,404,-62.1
2023,4,10,Salmonella,Oranienburg,110,225,-51.1
2023,4,11,Salmonella,Oranienburg,111,120,-7.5
2023,4,12,Salmonella,Oranienburg,76,88,-13.6
2023,1,1,Salmonella,Panama,19,14.5,31
2024,1,1,Salmonella,Panama,33,18,83.3
2023,1,2,Salmonella,Panama,19,13.5,40.7
2024,1,2,Salmonella,Panama,28,20.5,36.6
2023,1,3,Salmonella,Panama,31,25,24
2024,1,3,Salmonella,Panama,30,31.5,-4.8
2023,2,4,Salmonella,Panama,33,20,65
2024,2,4,Salmonella,Panama,35,26.5,32.1
2023,2,5,Salmonella,Panama,30,35.5,-15.5
2024,2,5,Salmonella,Panama,34,37.5,-9.3
2023,2,6,Salmonella,Panama,61,37,64.9
2024,2,6,Salmonella,Panama,34,47,-27.7
2023,3,7,Salmonella,Panama,72,45,60
2023,3,8,Salmonella,Panama,54,54,0
2023,3,9,Salmonella,Panama,36,36.5,-1.4
2023,4,10,Salmonella,Panama,28,34,-17.6
2023,4,11,Salmonella,Panama,29,26,11.5
2023,4,12,Salmonella,Panama,26,27.5,-5.5
2023,1,1,Salmonella,Paratyphi A,22,8.5,158.8
2024,1,1,Salmonella,Paratyphi A,17,18,-5.6
2023,1,2,Salmonella,Paratyphi A,16,6,166.7
2024,1,2,Salmonella,Paratyphi A,19,12,58.3
2023,1,3,Salmonella,Paratyphi A,20,5.5,263.6
2024,1,3,Salmonella,Paratyphi A,16,14.5,10.3
2023,2,4,Salmonella,Paratyphi A,12,9,33.3
2024,2,4,Salmonella,Paratyphi A,14,11.5,21.7
2023,2,5,Salmonella,Paratyphi A,10,5.5,81.8
2024,2,5,Salmonella,Paratyphi A,10,8.5,17.6
2023,2,6,Salmonella,Paratyphi A,9,5.5,63.6
2024,2,6,Salmonella,Paratyphi A,3,8.5,-64.7
2023,3,7,Salmonella,Paratyphi A,24,7.5,220
2023,3,8,Salmonella,Paratyphi A,22,10,120
2023,3,9,Salmonella,Paratyphi A,15,11,36.4
2023,4,10,Salmonella,Paratyphi A,10,5,100
2023,4,11,Salmonella,Paratyphi A,4,3.5,14.3
2023,4,12,Salmonella,Paratyphi A,14,8,75
2023,1,1,Salmonella,Paratyphi B Var. L(+) Tartrate+,32,18.5,73
2024,1,1,Salmonella,Paratyphi B Var. L(+) Tartrate+,22,26.5,-17
2023,1,2,Salmonella,Paratyphi B Var. L(+) Tartrate+,15,27.5,-45.5
2024,1,2,Salmonella,Paratyphi B Var. L(+) Tartrate+,21,28.5,-26.3
2023,1,3,Salmonella,Paratyphi B Var. L(+) Tartrate+,17,23,-26.1
2024,1,3,Salmonella,Paratyphi B Var. L(+) Tartrate+,21,19,10.5
2023,2,4,Salmonella,Paratyphi B Var. L(+) Tartrate+,33,25.5,29.4
2024,2,4,Salmonella,Paratyphi B Var. L(+) Tartrate+,22,32,-31.2
2023,2,5,Salmonella,Paratyphi B Var. L(+) Tartrate+,65,35,85.7
2024,2,5,Salmonella,Paratyphi B Var. L(+) Tartrate+,37,50,-26
2023,2,6,Salmonella,Paratyphi B Var. L(+) Tartrate+,41,45,-8.9
2024,2,6,Salmonella,Paratyphi B Var. L(+) Tartrate+,16,37.5,-57.3
2023,3,7,Salmonella,Paratyphi B Var. L(+) Tartrate+,51,36,41.7
2023,3,8,Salmonella,Paratyphi B Var. L(+) Tartrate+,39,29,34.5
2023,3,9,Salmonella,Paratyphi B Var. L(+) Tartrate+,39,30,30
2023,4,10,Salmonella,Paratyphi B Var. L(+) Tartrate+,38,36.5,4.1
2023,4,11,Salmonella,Paratyphi B Var. L(+) Tartrate+,33,33,0
2023,4,12,Salmonella,Paratyphi B Var. L(+) Tartrate+,30,23,30.4
2023,1,1,Salmonella,Poona,37,26,42.3
2024,1,1,Salmonella,Poona,35,34,2.9
2023,1,2,Salmonella,Poona,38,22.5,68.9
2024,1,2,Salmonella,Poona,32,34,-5.9
2023,1,3,Salmonella,Poona,41,32.5,26.2
2024,1,3,Salmonella,Poona,36,41.5,-13.3
2023,2,4,Salmonella,Poona,42,39.5,6.3
2024,2,4,Salmonella,Poona,33,40,-17.5
2023,2,5,Salmonella,Poona,57,49.5,15.2
2024,2,5,Salmonella,Poona,48,57.5,-16.5
2023,2,6,Salmonella,Poona,69,57.5,20
2024,2,6,Salmonella,Poona,16,56.5,-71.7
2023,3,7,Salmonella,Poona,79,72,9.7
2023,3,8,Salmonella,Poona,83,75.5,9.9
2023,3,9,Salmonella,Poona,68,66,3
2023,4,10,Salmonella,Poona,74,72,2.8
2023,4,11,Salmonella,Poona,49,35.5,38
2023,4,12,Salmonella,Poona,55,41,34.1
2023,1,1,Salmonella,Rubislaw,8,14,-42.9
2024,1,1,Salmonella,Rubislaw,13,13,0
2023,1,2,Salmonella,Rubislaw,12,7,71.4
2024,1,2,Salmonella,Rubislaw,9,8.5,5.9
2023,1,3,Salmonella,Rubislaw,18,9.5,89.5
2024,1,3,Salmonella,Rubislaw,15,14.5,3.4
2023,2,4,Salmonella,Rubislaw,23,16,43.8
2024,2,4,Salmonella,Rubislaw,20,22.5,-11.1
2023,2,5,Salmonella,Rubislaw,20,22,-9.1
2024,2,5,Salmonella,Rubislaw,21,19,10.5
2023,2,6,Salmonella,Rubislaw,27,27.5,-1.8
2024,2,6,Salmonella,Rubislaw,8,30,-73.3
2023,3,7,Salmonella,Rubislaw,45,44.5,1.1
2023,3,8,Salmonella,Rubislaw,50,49,2
2023,3,9,Salmonella,Rubislaw,61,54.5,11.9
2023,4,10,Salmonella,Rubislaw,73,59.5,22.7
2023,4,11,Salmonella,Rubislaw,39,23,69.6
2023,4,12,Salmonella,Rubislaw,41,21.5,90.7
2023,1,1,Salmonella,Saintpaul,67,66.5,0.8
2024,1,1,Salmonella,Saintpaul,88,81,8.6
2023,1,2,Salmonella,Saintpaul,39,35.5,9.9
2024,1,2,Salmonella,Saintpaul,58,37,56.8
2023,1,3,Salmonella,Saintpaul,69,48.5,42.3
2024,1,3,Salmonella,Saintpaul,48,63.5,-24.4
2023,2,4,Salmonella,Saintpaul,76,55,38.2
2024,2,4,Salmonella,Saintpaul,66,66.5,-0.8
2023,2,5,Salmonella,Saintpaul,118,84,40.5
2024,2,5,Salmonella,Saintpaul,80,109.5,-26.9
2023,2,6,Salmonella,Saintpaul,118,122,-3.3
2024,2,6,Salmonella,Saintpaul,41,126,-67.5
2023,3,7,Salmonella,Saintpaul,138,140.5,-1.8
2023,3,8,Salmonella,Saintpaul,178,137.5,29.5
2023,3,9,Salmonella,Saintpaul,189,163.5,15.6
2023,4,10,Salmonella,Saintpaul,155,168,-7.7
2023,4,11,Salmonella,Saintpaul,110,100.5,9.5
2023,4,12,Salmonella,Saintpaul,65,89,-27
2023,1,1,Salmonella,Sandiego,18,19.5,-7.7
2024,1,1,Salmonella,Sandiego,33,21.5,53.5
2023,1,2,Salmonella,Sandiego,21,16,31.2
2024,1,2,Salmonella,Sandiego,20,18.5,8.1
2023,1,3,Salmonella,Sandiego,17,23,-26.1
2024,1,3,Salmonella,Sandiego,35,22,59.1
2023,2,4,Salmonella,Sandiego,22,27.5,-20
2024,2,4,Salmonella,Sandiego,35,24,45.8
2023,2,5,Salmonella,Sandiego,26,30.5,-14.8
2024,2,5,Salmonella,Sandiego,36,28,28.6
2023,2,6,Salmonella,Sandiego,48,50,-4
2024,2,6,Salmonella,Sandiego,15,47.5,-68.4
2023,3,7,Salmonella,Sandiego,55,56,-1.8
2023,3,8,Salmonella,Sandiego,53,53.5,-0.9
2023,3,9,Salmonella,Sandiego,68,62,9.7
2023,4,10,Salmonella,Sandiego,76,69,10.1
2023,4,11,Salmonella,Sandiego,55,44,25
2023,4,12,Salmonella,Sandiego,26,31,-16.1
2023,1,1,Salmonella,Senftenberg,14,8.5,64.7
2024,1,1,Salmonella,Senftenberg,12,11.5,4.3
2023,1,2,Salmonella,Senftenberg,16,7,128.6
2024,1,2,Salmonella,Senftenberg,11,13.5,-18.5
2023,1,3,Salmonella,Senftenberg,17,11,54.5
2024,1,3,Salmonella,Senftenberg,19,15.5,22.6
2023,2,4,Salmonella,Senftenberg,19,18,5.6
2024,2,4,Salmonella,Senftenberg,13,22.5,-42.2
2023,2,5,Salmonella,Senftenberg,10,14,-28.6
2024,2,5,Salmonella,Senftenberg,15,14.5,3.4
2023,2,6,Salmonella,Senftenberg,10,16.5,-39.4
2024,2,6,Salmonella,Senftenberg,3,18,-83.3
2023,3,7,Salmonella,Senftenberg,9,27.5,-67.3
2023,3,8,Salmonella,Senftenberg,20,27,-25.9
2023,3,9,Salmonella,Senftenberg,15,23.5,-36.2
2023,4,10,Salmonella,Senftenberg,6,18,-66.7
2023,4,11,Salmonella,Senftenberg,18,15.5,16.1
2023,4,12,Salmonella,Senftenberg,14,6,133.3
2023,1,1,Salmonella,Stanley,21,13.5,55.6
2024,1,1,Salmonella,Stanley,17,17.5,-2.9
2023,1,2,Salmonella,Stanley,13,9,44.4
2024,1,2,Salmonella,Stanley,21,11.5,82.6
2023,1,3,Salmonella,Stanley,17,17.5,-2.9
2024,1,3,Salmonella,Stanley,26,19,36.8
2023,2,4,Salmonella,Stanley,15,18.5,-18.9
2024,2,4,Salmonella,Stanley,26,17.5,48.6
2023,2,5,Salmonella,Stanley,23,11.5,100
2024,2,5,Salmonella,Stanley,25,20,25
2023,2,6,Salmonella,Stanley,32,10.5,204.8
2024,2,6,Salmonella,Stanley,15,21,-28.6
2023,3,7,Salmonella,Stanley,25,16.5,51.5
2023,3,8,Salmonella,Stanley,25,13.5,85.2
2023,3,9,Salmonella,Stanley,21,16.5,27.3
2023,4,10,Salmonella,Stanley,25,18.5,35.1
2023,4,11,Salmonella,Stanley,18,10,80
2023,4,12,Salmonella,Stanley,12,14,-14.3
2023,1,1,Salmonella,Sundsvall,4,0,
2024,1,1,Salmonella,Sundsvall,45,2,2150
2023,1,2,Salmonella,Sundsvall,0,0.5,0
2024,1,2,Salmonella,Sundsvall,19,0,0
2023,1,3,Salmonella,Sundsvall,1,0,
2024,1,3,Salmonella,Sundsvall,13,0.5,2500
2023,2,4,Salmonella,Sundsvall,3,1,200
2024,2,4,Salmonella,Sundsvall,10,2.5,300
2023,2,5,Salmonella,Sundsvall,1,1.5,-33.3
2024,2,5,Salmonella,Sundsvall,13,1,1200
2023,2,6,Salmonella,Sundsvall,1,2,-50
2024,2,6,Salmonella,Sundsvall,3,1.5,100
2023,3,7,Salmonella,Sundsvall,1,2,-50
2023,3,8,Salmonella,Sundsvall,1,2,-50
2023,3,9,Salmonella,Sundsvall,0,3,0
2023,4,10,Salmonella,Sundsvall,46,1,4500
2023,4,11,Salmonella,Sundsvall,309,0.5,61700
2023,4,12,Salmonella,Sundsvall,56,1,5500
2023,1,1,Salmonella,Thompson,41,37,10.8
2024,1,1,Salmonella,Thompson,40,36,11.1
2023,1,2,Salmonella,Thompson,38,24.5,55.1
2024,1,2,Salmonella,Thompson,48,32.5,47.7
2023,1,3,Salmonella,Thompson,49,45,8.9
2024,1,3,Salmonella,Thompson,44,43.5,1.1
2023,2,4,Salmonella,Thompson,35,40.5,-13.6
2024,2,4,Salmonella,Thompson,54,37,45.9
2023,2,5,Salmonella,Thompson,58,47,23.4
2024,2,5,Salmonella,Thompson,94,50,88
2023,2,6,Salmonella,Thompson,76,83,-8.4
2024,2,6,Salmonella,Thompson,39,75.5,-48.3
2023,3,7,Salmonella,Thompson,110,115.5,-4.8
2023,3,8,Salmonella,Thompson,202,151,33.8
2023,3,9,Salmonella,Thompson,125,112,11.6
2023,4,10,Salmonella,Thompson,105,83,26.5
2023,4,11,Salmonella,Thompson,69,49.5,39.4
2023,4,12,Salmonella,Thompson,69,48.5,42.3
2023,1,1,Salmonella,Typhi,43,26.5,62.3
2024,1,1,Salmonella,Typhi,48,42,14.3
2023,1,2,Salmonella,Typhi,59,28,110.7
2024,1,2,Salmonella,Typhi,49,50,-2
2023,1,3,Salmonella,Typhi,51,32.5,56.9
2024,1,3,Salmonella,Typhi,50,48,4.2
2023,2,4,Salmonella,Typhi,53,35.5,49.3
2024,2,4,Salmonella,Typhi,48,50.5,-5
2023,2,5,Salmonella,Typhi,43,32,34.4
2024,2,5,Salmonella,Typhi,42,40,5
2023,2,6,Salmonella,Typhi,42,32,31.2
2024,2,6,Salmonella,Typhi,21,38,-44.7
2023,3,7,Salmonella,Typhi,59,29.5,100
2023,3,8,Salmonella,Typhi,95,61.5,54.5
2023,3,9,Salmonella,Typhi,67,42,59.5
2023,4,10,Salmonella,Typhi,24,19,26.3
2023,4,11,Salmonella,Typhi,26,17,52.9
2023,4,12,Salmonella,Typhi,49,24,104.2
2023,1,1,Salmonella,Typhimurium,197,154,27.9
2024,1,1,Salmonella,Typhimurium,211,178.5,18.2
2023,1,2,Salmonella,Typhimurium,151,115.5,30.7
2024,1,2,Salmonella,Typhimurium,163,137.5,18.5
2023,1,3,Salmonella,Typhimurium,174,182,-4.4
2024,1,3,Salmonella,Typhimurium,223,189.5,17.7
2023,2,4,Salmonella,Typhimurium,250,203.5,22.9
2024,2,4,Salmonella,Typhimurium,231,235,-1.7
2023,2,5,Salmonella,Typhimurium,421,269,56.5
2024,2,5,Salmonella,Typhimurium,368,363.5,1.2
2023,2,6,Salmonella,Typhimurium,417,421.5,-1.1
2024,2,6,Salmonella,Typhimurium,223,428.5,-48
2023,3,7,Salmonella,Typhimurium,556,541.5,2.7
2023,3,8,Salmonella,Typhimurium,602,636,-5.3
2023,3,9,Salmonella,Typhimurium,487,678.5,-28.2
2023,4,10,Salmonella,Typhimurium,526,457.5,15
2023,4,11,Salmonella,Typhimurium,300,282,6.4
2023,4,12,Salmonella,Typhimurium,234,237.5,-1.5
2023,1,1,Salmonella,Uganda,7,9.5,-26.3
2024,1,1,Salmonella,Uganda,12,11,9.1
2023,1,2,Salmonella,Uganda,17,14,21.4
2024,1,2,Salmonella,Uganda,18,16,12.5
2023,1,3,Salmonella,Uganda,16,10,60
2024,1,3,Salmonella,Uganda,17,13.5,25.9
2023,2,4,Salmonella,Uganda,21,8,162.5
2024,2,4,Salmonella,Uganda,19,14.5,31
2023,2,5,Salmonella,Uganda,8,17.5,-54.3
2024,2,5,Salmonella,Uganda,16,12,33.3
2023,2,6,Salmonella,Uganda,21,19,10.5
2024,2,6,Salmonella,Uganda,11,19.5,-43.6
2023,3,7,Salmonella,Uganda,15,25,-40
2023,3,8,Salmonella,Uganda,31,26.5,17
2023,3,9,Salmonella,Uganda,24,26.5,-9.4
2023,4,10,Salmonella,Uganda,24,17.5,37.1
2023,4,11,Salmonella,Uganda,22,13.5,63
2023,4,12,Salmonella,Uganda,13,12.5,4
2023,1,1,Shigella,Shigella boydii,1,0,
2023,1,1,Shigella,Shigella boydii,0,0,0
2023,1,1,Shigella,Shigella boydii,0,0,0
2024,1,1,Shigella,Shigella boydii,3,0,0
2024,1,1,Shigella,Shigella boydii,0,0,0
2024,1,1,Shigella,Shigella boydii,0,0,0
2023,1,2,Shigella,Shigella boydii,1,1,0
2023,1,2,Shigella,Shigella boydii,0,0.5,0
2023,1,2,Shigella,Shigella boydii,0,0,0
2024,1,2,Shigella,Shigella boydii,2,1,100
2024,1,2,Shigella,Shigella boydii,1,0,0
2024,1,2,Shigella,Shigella boydii,0,0,0
2023,1,3,Shigella,Shigella boydii,1,0,
2023,1,3,Shigella,Shigella boydii,2,1.5,33.3
2023,1,3,Shigella,Shigella boydii,0,0,0
2024,1,3,Shigella,Shigella boydii,0,0,0
2024,1,3,Shigella,Shigella boydii,2,0,0
2024,1,3,Shigella,Shigella boydii,0,0,0
2023,2,4,Shigella,Shigella boydii,0,0,0
2023,2,4,Shigella,Shigella boydii,3,1,200
2023,2,4,Shigella,Shigella boydii,0,0,0
2024,2,4,Shigella,Shigella boydii,0,2.5,0
2024,2,4,Shigella,Shigella boydii,2,0,0
2024,2,4,Shigella,Shigella boydii,0,0,0
2023,2,5,Shigella,Shigella boydii,0,0.5,0
2023,2,5,Shigella,Shigella boydii,0,0,0
2023,2,5,Shigella,Shigella boydii,0,0,0
2024,2,5,Shigella,Shigella boydii,1,2,-50
2024,2,5,Shigella,Shigella boydii,0,0,0
2024,2,5,Shigella,Shigella boydii,0,0,0
2023,2,6,Shigella,Shigella boydii,1,1,0
2023,2,6,Shigella,Shigella boydii,0,0,0
2023,2,6,Shigella,Shigella boydii,0,0,0
2024,2,6,Shigella,Shigella boydii,0,1.5,0
2024,2,6,Shigella,Shigella boydii,0,1,0
2024,2,6,Shigella,Shigella boydii,0,0,0
2023,3,7,Shigella,Shigella boydii,0,0.5,0
2023,3,7,Shigella,Shigella boydii,0,2,0
2023,3,7,Shigella,Shigella boydii,0,0,0
2023,3,8,Shigella,Shigella boydii,3,0,0
2023,3,8,Shigella,Shigella boydii,0,2,0
2023,3,8,Shigella,Shigella boydii,1,0,0
2023,3,9,Shigella,Shigella boydii,1,0,0
2023,3,9,Shigella,Shigella boydii,5,0,0
2023,3,9,Shigella,Shigella boydii,0,0,0
2023,4,10,Shigella,Shigella boydii,1,1,0
2023,4,10,Shigella,Shigella boydii,1,0,0
2023,4,10,Shigella,Shigella boydii,0,0,0
2023,4,11,Shigella,Shigella boydii,1,0,0
2023,4,11,Shigella,Shigella boydii,1,0,0
2023,4,11,Shigella,Shigella boydii,0,0,0
2023,4,12,Shigella,Shigella boydii,2,0,0
2023,4,12,Shigella,Shigella boydii,1,0,0
2023,4,12,Shigella,Shigella boydii,0,0,0
2023,1,1,Shigella,Shigella dysenteriae,1,0,
2024,1,1,Shigella,Shigella dysenteriae,0,0.5,0
2023,1,2,Shigella,Shigella dysenteriae,0,0,0
2024,1,2,Shigella,Shigella dysenteriae,0,0,0
2023,1,3,Shigella,Shigella dysenteriae,1,0,
2024,1,3,Shigella,Shigella dysenteriae,0,0.5,0
2023,2,4,Shigella,Shigella dysenteriae,0,0,0
2024,2,4,Shigella,Shigella dysenteriae,0,0,0
2023,2,5,Shigella,Shigella dysenteriae,0,0,0
2024,2,5,Shigella,Shigella dysenteriae,0,0,0
2023,2,6,Shigella,Shigella dysenteriae,0,0,0
2024,2,6,Shigella,Shigella dysenteriae,0,0,0
2023,3,7,Shigella,Shigella dysenteriae,0,0,0
2023,3,8,Shigella,Shigella dysenteriae,0,0,0
2023,3,9,Shigella,Shigella dysenteriae,0,0,0
2023,4,10,Shigella,Shigella dysenteriae,0,0,0
2023,4,11,Shigella,Shigella dysenteriae,0,0,0
2023,4,12,Shigella,Shigella dysenteriae,0,0,0
2023,1,1,Shigella,Shigella flexneri,0,0,0
2023,1,1,Shigella,Shigella flexneri,0,0,0
2023,1,1,Shigella,Shigella flexneri,0,0,0
2023,1,1,Shigella,Shigella flexneri,164,140,17.1
2023,1,1,Shigella,Shigella flexneri,34,25,36
2023,1,1,Shigella,Shigella flexneri,6,8,-25
2024,1,1,Shigella,Shigella flexneri,0,0,0
2024,1,1,Shigella,Shigella flexneri,3,0,0
2024,1,1,Shigella,Shigella flexneri,0,0,0
2024,1,1,Shigella,Shigella flexneri,302,258.5,16.8
2024,1,1,Shigella,Shigella flexneri,23,15.5,48.4
2024,1,1,Shigella,Shigella flexneri,3,2,50
2023,1,2,Shigella,Shigella flexneri,0,0,0
2023,1,2,Shigella,Shigella flexneri,0,0,0
2023,1,2,Shigella,Shigella flexneri,0,0,0
2023,1,2,Shigella,Shigella flexneri,161,152,5.9
2023,1,2,Shigella,Shigella flexneri,18,32,-43.8
2023,1,2,Shigella,Shigella flexneri,8,5.5,45.5
2024,1,2,Shigella,Shigella flexneri,0,0,0
2024,1,2,Shigella,Shigella flexneri,0,0,0
2024,1,2,Shigella,Shigella flexneri,0,0,0
2024,1,2,Shigella,Shigella flexneri,285,256,11.3
2024,1,2,Shigella,Shigella flexneri,10,14.5,-31
2024,1,2,Shigella,Shigella flexneri,2,0,0
2023,1,3,Shigella,Shigella flexneri,0,0,0
2023,1,3,Shigella,Shigella flexneri,0,0,0
2023,1,3,Shigella,Shigella flexneri,0,0,0
2023,1,3,Shigella,Shigella flexneri,227,157,44.6
2023,1,3,Shigella,Shigella flexneri,27,31,-12.9
2023,1,3,Shigella,Shigella flexneri,9,6,50
2024,1,3,Shigella,Shigella flexneri,0,0,0
2024,1,3,Shigella,Shigella flexneri,0,0,0
2024,1,3,Shigella,Shigella flexneri,0,0,0
2024,1,3,Shigella,Shigella flexneri,344,300.5,14.5
2024,1,3,Shigella,Shigella flexneri,17,20,-15
2024,1,3,Shigella,Shigella flexneri,1,2.5,-60
2023,2,4,Shigella,Shigella flexneri,0,0,0
2023,2,4,Shigella,Shigella flexneri,0,0,0
2023,2,4,Shigella,Shigella flexneri,0,0,0
2023,2,4,Shigella,Shigella flexneri,183,149.5,22.4
2023,2,4,Shigella,Shigella flexneri,25,22,13.6
2023,2,4,Shigella,Shigella flexneri,9,5.5,63.6
2024,2,4,Shigella,Shigella flexneri,0,0,0
2024,2,4,Shigella,Shigella flexneri,0,0,0
2024,2,4,Shigella,Shigella flexneri,0,0,0
2024,2,4,Shigella,Shigella flexneri,285,276.5,3.1
2024,2,4,Shigella,Shigella flexneri,11,13,-15.4
2024,2,4,Shigella,Shigella flexneri,1,0,0
2023,2,5,Shigella,Shigella flexneri,0,0,0
2023,2,5,Shigella,Shigella flexneri,0,0,0
2023,2,5,Shigella,Shigella flexneri,0,0,0
2023,2,5,Shigella,Shigella flexneri,219,195.5,12
2023,2,5,Shigella,Shigella flexneri,21,30.5,-31.1
2023,2,5,Shigella,Shigella flexneri,5,7.5,-33.3
2024,2,5,Shigella,Shigella flexneri,0,0,0
2024,2,5,Shigella,Shigella flexneri,0,0,0
2024,2,5,Shigella,Shigella flexneri,0,0,0
2024,2,5,Shigella,Shigella flexneri,280,323,-13.3
2024,2,5,Shigella,Shigella flexneri,15,20,-25
2024,2,5,Shigella,Shigella flexneri,2,2,0
2023,2,6,Shigella,Shigella flexneri,0,0,0
2023,2,6,Shigella,Shigella flexneri,0,0,0
2023,2,6,Shigella,Shigella flexneri,0,0,0
2023,2,6,Shigella,Shigella flexneri,190,172,10.5
2023,2,6,Shigella,Shigella flexneri,24,21.5,11.6
2023,2,6,Shigella,Shigella flexneri,4,8.5,-52.9
2024,2,6,Shigella,Shigella flexneri,0,0,0
2024,2,6,Shigella,Shigella flexneri,0,0,0
2024,2,6,Shigella,Shigella flexneri,0,0,0
2024,2,6,Shigella,Shigella flexneri,114,285,-60
2024,2,6,Shigella,Shigella flexneri,4,10.5,-61.9
2024,2,6,Shigella,Shigella flexneri,1,1.5,-33.3
2023,3,7,Shigella,Shigella flexneri,0,0,0
2023,3,7,Shigella,Shigella flexneri,0,0,0
2023,3,7,Shigella,Shigella flexneri,0,0,0
2023,3,7,Shigella,Shigella flexneri,204,223,-8.5
2023,3,7,Shigella,Shigella flexneri,29,24,20.8
2023,3,7,Shigella,Shigella flexneri,8,7,14.3
2023,3,8,Shigella,Shigella flexneri,0,0,0
2023,3,8,Shigella,Shigella flexneri,0,0,0
2023,3,8,Shigella,Shigella flexneri,0,0,0
2023,3,8,Shigella,Shigella flexneri,223,186.5,19.6
2023,3,8,Shigella,Shigella flexneri,17,24.5,-30.6
2023,3,8,Shigella,Shigella flexneri,3,6.5,-53.8
2023,3,9,Shigella,Shigella flexneri,0,0,0
2023,3,9,Shigella,Shigella flexneri,0,0,0
2023,3,9,Shigella,Shigella flexneri,0,0,0
2023,3,9,Shigella,Shigella flexneri,218,211.5,3.1
2023,3,9,Shigella,Shigella flexneri,14,25,-44
2023,3,9,Shigella,Shigella flexneri,2,6.5,-69.2
2023,4,10,Shigella,Shigella flexneri,0,0,0
2023,4,10,Shigella,Shigella flexneri,0,0,0
2023,4,10,Shigella,Shigella flexneri,0,0,0
2023,4,10,Shigella,Shigella flexneri,244,206.5,18.2
2023,4,10,Shigella,Shigella flexneri,13,20.5,-36.6
2023,4,10,Shigella,Shigella flexneri,3,3.5,-14.3
2023,4,11,Shigella,Shigella flexneri,0,0,0
2023,4,11,Shigella,Shigella flexneri,0,0,0
2023,4,11,Shigella,Shigella flexneri,0,0,0
2023,4,11,Shigella,Shigella flexneri,299,211,41.7
2023,4,11,Shigella,Shigella flexneri,17,21.5,-20.9
2023,4,11,Shigella,Shigella flexneri,2,5,-60
2023,4,12,Shigella,Shigella flexneri,0,0,0
2023,4,12,Shigella,Shigella flexneri,0,0,0
2023,4,12,Shigella,Shigella flexneri,0,0,0
2023,4,12,Shigella,Shigella flexneri,268,233.5,14.8
2023,4,12,Shigella,Shigella flexneri,16,15,6.7
2023,4,12,Shigella,Shigella flexneri,0,3,0
2023,1,1,Shigella,Shigella sonnei,0,0,0
2023,1,1,Shigella,Shigella sonnei,0,0,0
2023,1,1,Shigella,Shigella sonnei,141,98.5,43.1
2024,1,1,Shigella,Shigella sonnei,2,0,0
2024,1,1,Shigella,Shigella sonnei,0,0,0
2024,1,1,Shigella,Shigella sonnei,344,207,66.2
2023,1,2,Shigella,Shigella sonnei,0,0,0
2023,1,2,Shigella,Shigella sonnei,0,0,0
2023,1,2,Shigella,Shigella sonnei,94,119,-21
2024,1,2,Shigella,Shigella sonnei,1,0,0
2024,1,2,Shigella,Shigella sonnei,0,0,0
2024,1,2,Shigella,Shigella sonnei,303,211.5,43.3
2023,1,3,Shigella,Shigella sonnei,0,0,0
2023,1,3,Shigella,Shigella sonnei,0,0,0
2023,1,3,Shigella,Shigella sonnei,104,104,0
2024,1,3,Shigella,Shigella sonnei,0,0,0
2024,1,3,Shigella,Shigella sonnei,0,0,0
2024,1,3,Shigella,Shigella sonnei,268,275.5,-2.7
2023,2,4,Shigella,Shigella sonnei,0,0,0
2023,2,4,Shigella,Shigella sonnei,0,0,0
2023,2,4,Shigella,Shigella sonnei,102,92.5,10.3
2024,2,4,Shigella,Shigella sonnei,0,0,0
2024,2,4,Shigella,Shigella sonnei,0,0,0
2024,2,4,Shigella,Shigella sonnei,205,289,-29.1
2023,2,5,Shigella,Shigella sonnei,0,0,0
2023,2,5,Shigella,Shigella sonnei,0,0,0
2023,2,5,Shigella,Shigella sonnei,118,132.5,-10.9
2024,2,5,Shigella,Shigella sonnei,0,1.5,0
2024,2,5,Shigella,Shigella sonnei,0,0,0
2024,2,5,Shigella,Shigella sonnei,171,320,-46.6
2023,2,6,Shigella,Shigella sonnei,0,0,0
2023,2,6,Shigella,Shigella sonnei,0,0,0
2023,2,6,Shigella,Shigella sonnei,110,129,-14.7
2024,2,6,Shigella,Shigella sonnei,0,0,0
2024,2,6,Shigella,Shigella sonnei,0,0,0
2024,2,6,Shigella,Shigella sonnei,82,308,-73.4
2023,3,7,Shigella,Shigella sonnei,0,0,0
2023,3,7,Shigella,Shigella sonnei,0,0,0
2023,3,7,Shigella,Shigella sonnei,151,119,26.9
2023,3,8,Shigella,Shigella sonnei,0,0,0
2023,3,8,Shigella,Shigella sonnei,0,0,0
2023,3,8,Shigella,Shigella sonnei,243,84.5,187.6
2023,3,9,Shigella,Shigella sonnei,1,0,0
2023,3,9,Shigella,Shigella sonnei,0,0,0
2023,3,9,Shigella,Shigella sonnei,296,129.5,128.6
2023,4,10,Shigella,Shigella sonnei,0,0,0
2023,4,10,Shigella,Shigella sonnei,0,0,0
2023,4,10,Shigella,Shigella sonnei,313,102,206.9
2023,4,11,Shigella,Shigella sonnei,0,0,0
2023,4,11,Shigella,Shigella sonnei,0,0,0
2023,4,11,Shigella,Shigella sonnei,400,127.5,213.7
2023,4,12,Shigella,Shigella sonnei,0,0,0
2023,4,12,Shigella,Shigella sonnei,0,0,0
2023,4,12,Shigella,Shigella sonnei,335,172.5,94.2
2023,1,1,Shigella,other,0,0,0
2023,1,1,Shigella,other,0,0,0
2023,1,1,Shigella,other,0,0,0
2024,1,1,Shigella,other,0,0,0
2024,1,1,Shigella,other,0,0,0
2024,1,1,Shigella,other,0,0,0
2023,1,2,Shigella,other,0,0,0
2023,1,2,Shigella,other,0,0,0
2023,1,2,Shigella,other,0,0,0
2024,1,2,Shigella,other,0,0,0
2024,1,2,Shigella,other,0,0,0
2024,1,2,Shigella,other,0,0,0
2023,1,3,Shigella,other,0,0,0
2023,1,3,Shigella,other,0,0,0
2023,1,3,Shigella,other,0,0.5,0
2024,1,3,Shigella,other,0,0,0
2024,1,3,Shigella,other,0,0,0
2024,1,3,Shigella,other,0,0,0
2023,2,4,Shigella,other,0,0,0
2023,2,4,Shigella,other,1,0,
2023,2,4,Shigella,other,1,0,
2024,2,4,Shigella,other,0,0,0
2024,2,4,Shigella,other,0,0,0
2024,2,4,Shigella,other,0,0,0
2023,2,5,Shigella,other,0,0,0
2023,2,5,Shigella,other,0,0,0
2023,2,5,Shigella,other,2,0,0
2024,2,5,Shigella,other,0,0,0
2024,2,5,Shigella,other,0,0,0
2024,2,5,Shigella,other,1,0,0
2023,2,6,Shigella,other,0,0,0
2023,2,6,Shigella,other,1,0,0
2023,2,6,Shigella,other,0,0,0
2024,2,6,Shigella,other,0,0,0
2024,2,6,Shigella,other,0,0,0
2024,2,6,Shigella,other,0,0,0
2023,3,7,Shigella,other,0,0,0
2023,3,7,Shigella,other,0,0,0
2023,3,7,Shigella,other,0,0,0
2023,3,8,Shigella,other,0,0,0
2023,3,8,Shigella,other,0,0.5,0
2023,3,8,Shigella,other,1,0.5,100
2023,3,9,Shigella,other,0,0,0
2023,3,9,Shigella,other,0,0,0
2023,3,9,Shigella,other,0,0,0
2023,4,10,Shigella,other,0,0,0
2023,4,10,Shigella,other,0,0,0
2023,4,10,Shigella,other,1,0,0
2023,4,11,Shigella,other,0,0,0
2023,4,11,Shigella,other,0,0,0
2023,4,11,Shigella,other,0,0,0
2023,4,12,Shigella,other,0,0,0
2023,4,12,Shigella,other,0,0,0
2023,4,12,Shigella,other,0,1,0
2023,1,1,Vibrio,alginolyticus,3,0.5,500
2024,1,1,Vibrio,alginolyticus,1,2,-50
2023,1,2,Vibrio,alginolyticus,2,0,
2024,1,2,Vibrio,alginolyticus,6,1,500
2023,1,3,Vibrio,alginolyticus,4,1.5,166.7
2024,1,3,Vibrio,alginolyticus,4,3,33.3
2023,2,4,Vibrio,alginolyticus,6,1.5,300
2024,2,4,Vibrio,alginolyticus,5,4.5,11.1
2023,2,5,Vibrio,alginolyticus,6,4,50
2024,2,5,Vibrio,alginolyticus,7,7,0
2023,2,6,Vibrio,alginolyticus,8,6.5,23.1
2024,2,6,Vibrio,alginolyticus,0,10.5,0
2023,3,7,Vibrio,alginolyticus,17,6.5,161.5
2023,3,8,Vibrio,alginolyticus,13,6,116.7
2023,3,9,Vibrio,alginolyticus,6,4,50
2023,4,10,Vibrio,alginolyticus,2,4,-50
2023,4,11,Vibrio,alginolyticus,5,3,66.7
2023,4,12,Vibrio,alginolyticus,7,0.5,1300
2023,1,1,Vibrio,cholerae,0,0,0
2024,1,1,Vibrio,cholerae,0,0,0
2023,1,2,Vibrio,cholerae,0,0,0
2024,1,2,Vibrio,cholerae,0,0,0
2023,1,3,Vibrio,cholerae,0,0,0
2024,1,3,Vibrio,cholerae,0,0,0
2023,2,4,Vibrio,cholerae,0,0,0
2024,2,4,Vibrio,cholerae,0,0,0
2023,2,5,Vibrio,cholerae,0,0,0
2024,2,5,Vibrio,cholerae,2,0,0
2023,2,6,Vibrio,cholerae,0,0,0
2024,2,6,Vibrio,cholerae,1,0,0
2023,3,7,Vibrio,cholerae,0,0,0
2023,3,8,Vibrio,cholerae,1,0,0
2023,3,9,Vibrio,cholerae,0,0,0
2023,4,10,Vibrio,cholerae,0,0,0
2023,4,11,Vibrio,cholerae,0,0,0
2023,4,12,Vibrio,cholerae,0,0,0
2023,1,1,Vibrio,cholerae/Ctx-,0,0,0
2024,1,1,Vibrio,cholerae/Ctx-,0,0,0
2023,1,2,Vibrio,cholerae/Ctx-,0,0,0
2024,1,2,Vibrio,cholerae/Ctx-,0,0,0
2023,1,3,Vibrio,cholerae/Ctx-,0,0,0
2024,1,3,Vibrio,cholerae/Ctx-,0,0,0
2023,2,4,Vibrio,cholerae/Ctx-,0,0,0
2024,2,4,Vibrio,cholerae/Ctx-,0,0,0
2023,2,5,Vibrio,cholerae/Ctx-,0,0,0
2024,2,5,Vibrio,cholerae/Ctx-,0,0,0
2023,2,6,Vibrio,cholerae/Ctx-,0,0,0
2024,2,6,Vibrio,cholerae/Ctx-,0,0,0
2023,3,7,Vibrio,cholerae/Ctx-,0,0,0
2023,3,8,Vibrio,cholerae/Ctx-,0,0,0
2023,3,9,Vibrio,cholerae/Ctx-,0,0,0
2023,4,10,Vibrio,cholerae/Ctx-,0,0,0
2023,4,11,Vibrio,cholerae/Ctx-,0,0,0
2023,4,12,Vibrio,cholerae/Ctx-,0,0,0
2023,1,1,Vibrio,cholerae/O1,0,0,0
2024,1,1,Vibrio,cholerae/O1,0,0,0
2023,1,2,Vibrio,cholerae/O1,0,0,0
2024,1,2,Vibrio,cholerae/O1,0,0,0
2023,1,3,Vibrio,cholerae/O1,0,0,0
2024,1,3,Vibrio,cholerae/O1,0,0,0
2023,2,4,Vibrio,cholerae/O1,0,0,0
2024,2,4,Vibrio,cholerae/O1,0,0,0
2023,2,5,Vibrio,cholerae/O1,0,0,0
2024,2,5,Vibrio,cholerae/O1,0,0,0
2023,2,6,Vibrio,cholerae/O1,0,0,0
2024,2,6,Vibrio,cholerae/O1,0,0,0
2023,3,7,Vibrio,cholerae/O1,0,0,0
2023,3,8,Vibrio,cholerae/O1,0,0,0
2023,3,9,Vibrio,cholerae/O1,0,0,0
2023,4,10,Vibrio,cholerae/O1,0,0,0
2023,4,11,Vibrio,cholerae/O1,0,0,0
2023,4,12,Vibrio,cholerae/O1,0,0,0
2023,1,1,Vibrio,cholerae/O1/Ctx+,1,0,
2024,1,1,Vibrio,cholerae/O1/Ctx+,1,0.5,100
2023,1,2,Vibrio,cholerae/O1/Ctx+,1,0.5,100
2024,1,2,Vibrio,cholerae/O1/Ctx+,0,1,0
2023,1,3,Vibrio,cholerae/O1/Ctx+,1,1,0
2024,1,3,Vibrio,cholerae/O1/Ctx+,2,1.5,33.3
2023,2,4,Vibrio,cholerae/O1/Ctx+,1,0.5,100
2024,2,4,Vibrio,cholerae/O1/Ctx+,2,1,100
2023,2,5,Vibrio,cholerae/O1/Ctx+,1,2,-50
2024,2,5,Vibrio,cholerae/O1/Ctx+,0,2.5,0
2023,2,6,Vibrio,cholerae/O1/Ctx+,2,2.5,-20
2024,2,6,Vibrio,cholerae/O1/Ctx+,0,3.5,0
2023,3,7,Vibrio,cholerae/O1/Ctx+,3,0.5,500
2023,3,8,Vibrio,cholerae/O1/Ctx+,1,0,0
2023,3,9,Vibrio,cholerae/O1/Ctx+,2,0,0
2023,4,10,Vibrio,cholerae/O1/Ctx+,1,0,0
2023,4,11,Vibrio,cholerae/O1/Ctx+,0,1.5,0
2023,4,12,Vibrio,cholerae/O1/Ctx+,1,0,0
2023,1,1,Vibrio,cholerae/O1/Ctx+ Ctx-,0,0,0
2024,1,1,Vibrio,cholerae/O1/Ctx+ Ctx-,0,0,0
2023,1,2,Vibrio,cholerae/O1/Ctx+ Ctx-,0,0,0
2024,1,2,Vibrio,cholerae/O1/Ctx+ Ctx-,0,0,0
2023,1,3,Vibrio,cholerae/O1/Ctx+ Ctx-,0,0,0
2024,1,3,Vibrio,cholerae/O1/Ctx+ Ctx-,0,0,0
2023,2,4,Vibrio,cholerae/O1/Ctx+ Ctx-,0,0,0
2024,2,4,Vibrio,cholerae/O1/Ctx+ Ctx-,0,0,0
2023,2,5,Vibrio,cholerae/O1/Ctx+ Ctx-,0,0,0
2024,2,5,Vibrio,cholerae/O1/Ctx+ Ctx-,0,0,0
2023,2,6,Vibrio,cholerae/O1/Ctx+ Ctx-,1,0,
2024,2,6,Vibrio,cholerae/O1/Ctx+ Ctx-,0,0.5,0
2023,3,7,Vibrio,cholerae/O1/Ctx+ Ctx-,0,0,0
2023,3,8,Vibrio,cholerae/O1/Ctx+ Ctx-,1,0,0
2023,3,9,Vibrio,cholerae/O1/Ctx+ Ctx-,0,0,0
2023,4,10,Vibrio,cholerae/O1/Ctx+ Ctx-,0,0,0
2023,4,11,Vibrio,cholerae/O1/Ctx+ Ctx-,0,0.5,0
2023,4,12,Vibrio,cholerae/O1/Ctx+ Ctx-,0,0,0
2023,1,1,Vibrio,cholerae/O1/Ctx-,1,0,
2024,1,1,Vibrio,cholerae/O1/Ctx-,2,0.5,300
2023,1,2,Vibrio,cholerae/O1/Ctx-,0,0,0
2024,1,2,Vibrio,cholerae/O1/Ctx-,1,0,0
2023,1,3,Vibrio,cholerae/O1/Ctx-,0,0,0
2024,1,3,Vibrio,cholerae/O1/Ctx-,0,0,0
2023,2,4,Vibrio,cholerae/O1/Ctx-,0,1,0
2024,2,4,Vibrio,cholerae/O1/Ctx-,1,0,0
2023,2,5,Vibrio,cholerae/O1/Ctx-,0,1.5,0
2024,2,5,Vibrio,cholerae/O1/Ctx-,0,0,0
2023,2,6,Vibrio,cholerae/O1/Ctx-,0,0.5,0
2024,2,6,Vibrio,cholerae/O1/Ctx-,0,0,0
2023,3,7,Vibrio,cholerae/O1/Ctx-,1,1,0
2023,3,8,Vibrio,cholerae/O1/Ctx-,2,1,100
2023,3,9,Vibrio,cholerae/O1/Ctx-,0,0.5,0
2023,4,10,Vibrio,cholerae/O1/Ctx-,0,0,0
2023,4,11,Vibrio,cholerae/O1/Ctx-,0,0,0
2023,4,12,Vibrio,cholerae/O1/Ctx-,1,0.5,100
2023,1,1,Vibrio,cholerae/O139/Ctx-,0,0.5,0
2024,1,1,Vibrio,cholerae/O139/Ctx-,1,0,0
2023,1,2,Vibrio,cholerae/O139/Ctx-,0,0,0
2024,1,2,Vibrio,cholerae/O139/Ctx-,0,0,0
2023,1,3,Vibrio,cholerae/O139/Ctx-,0,0,0
2024,1,3,Vibrio,cholerae/O139/Ctx-,0,0,0
2023,2,4,Vibrio,cholerae/O139/Ctx-,0,0,0
2024,2,4,Vibrio,cholerae/O139/Ctx-,0,0,0
2023,2,5,Vibrio,cholerae/O139/Ctx-,0,1,0
2024,2,5,Vibrio,cholerae/O139/Ctx-,0,0,0
2023,2,6,Vibrio,cholerae/O139/Ctx-,0,0.5,0
2024,2,6,Vibrio,cholerae/O139/Ctx-,0,0,0
2023,3,7,Vibrio,cholerae/O139/Ctx-,0,0,0
2023,3,8,Vibrio,cholerae/O139/Ctx-,0,0,0
2023,3,9,Vibrio,cholerae/O139/Ctx-,0,0,0
2023,4,10,Vibrio,cholerae/O139/Ctx-,0,0,0
2023,4,11,Vibrio,cholerae/O139/Ctx-,0,0,0
2023,4,12,Vibrio,cholerae/O139/Ctx-,1,0,0
2023,1,1,Vibrio,fluvialis,1,0,
2024,1,1,Vibrio,fluvialis,1,0.5,100
2023,1,2,Vibrio,fluvialis,3,0,
2024,1,2,Vibrio,fluvialis,0,1.5,0
2023,1,3,Vibrio,fluvialis,2,0.5,300
2024,1,3,Vibrio,fluvialis,1,1.5,-33.3
2023,2,4,Vibrio,fluvialis,1,0.5,100
2024,2,4,Vibrio,fluvialis,1,1,0
2023,2,5,Vibrio,fluvialis,2,0.5,300
2024,2,5,Vibrio,fluvialis,3,1.5,100
2023,2,6,Vibrio,fluvialis,3,0.5,500
2024,2,6,Vibrio,fluvialis,5,2,150
2023,3,7,Vibrio,fluvialis,11,7,57.1
2023,3,8,Vibrio,fluvialis,8,5,60
2023,3,9,Vibrio,fluvialis,5,1,400
2023,4,10,Vibrio,fluvialis,6,4,50
2023,4,11,Vibrio,fluvialis,2,0,0
2023,4,12,Vibrio,fluvialis,2,0,0
2023,1,1,Vibrio,parahaemolyticus,3,3.5,-14.3
2024,1,1,Vibrio,parahaemolyticus,7,4.5,55.6
2023,1,2,Vibrio,parahaemolyticus,2,4,-50
2024,1,2,Vibrio,parahaemolyticus,12,4.5,166.7
2023,1,3,Vibrio,parahaemolyticus,11,5,120
2024,1,3,Vibrio,parahaemolyticus,10,10.5,-4.8
2023,2,4,Vibrio,parahaemolyticus,8,4,100
2024,2,4,Vibrio,parahaemolyticus,11,7,57.1
2023,2,5,Vibrio,parahaemolyticus,14,7,100
2024,2,5,Vibrio,parahaemolyticus,20,11.5,73.9
2023,2,6,Vibrio,parahaemolyticus,34,22.5,51.1
2024,2,6,Vibrio,parahaemolyticus,12,28,-57.1
2023,3,7,Vibrio,parahaemolyticus,82,59.5,37.8
2023,3,8,Vibrio,parahaemolyticus,82,74,10.8
2023,3,9,Vibrio,parahaemolyticus,48,38,26.3
2023,4,10,Vibrio,parahaemolyticus,21,24.5,-14.3
2023,4,11,Vibrio,parahaemolyticus,7,7,0
2023,4,12,Vibrio,parahaemolyticus,5,8,-37.5
2023,1,1,Vibrio,vulnificus,0,0,0
2024,1,1,Vibrio,vulnificus,0,0,0
2023,1,2,Vibrio,vulnificus,0,0,0
2024,1,2,Vibrio,vulnificus,0,0,0
2023,1,3,Vibrio,vulnificus,2,0,
2024,1,3,Vibrio,vulnificus,2,1,100
2023,2,4,Vibrio,vulnificus,3,1,200
2024,2,4,Vibrio,vulnificus,3,2.5,20
2023,2,5,Vibrio,vulnificus,4,4,0
2024,2,5,Vibrio,vulnificus,7,3.5,100
2023,2,6,Vibrio,vulnificus,12,11,9.1
2024,2,6,Vibrio,vulnificus,5,12,-58.3
2023,3,7,Vibrio,vulnificus,29,15,93.3
2023,3,8,Vibrio,vulnificus,17,13.5,25.9
2023,3,9,Vibrio,vulnificus,12,10,20
2023,4,10,Vibrio,vulnificus,6,8.5,-29.4
2023,4,11,Vibrio,vulnificus,3,1,200
2023,4,12,Vibrio,vulnificus,0,0,0
